unique_id,cutoff,metric,Naive,SeasonalNaive,Drift,AutoETS,AutoARIMA,LGBMRegressor,AutoNBEATS,AutoNHITS,Chronos,best_model
hotel_0,2023-02-10,bias,-0.17901234567901234,-0.09611992945326278,-0.18917847889041303,-0.20373964274949868,-0.06123962812603672,-0.023938245553223707,-0.19666552693440167,24554001262099.87,-0.0840622414514501,AutoETS
hotel_105,2023-02-10,bias,0.18890386343216534,-0.04919137466307279,0.19453318247867515,-0.016909521594322196,-0.028763633613814208,-0.01708330375986426,-0.2866099804325192,1562384.1413748246,-0.0094789663281188,AutoNBEATS
hotel_112,2023-02-10,bias,0.1176339285714286,0.07477678571428571,0.12636078042328044,0.08589922949513651,0.04838274537874505,0.016507943909557354,0.09181796652930123,inf,0.04700614299092974,LGBMRegressor
hotel_126,2023-02-10,bias,0.0017074558907227819,0.006829823562891278,-0.0012879698138662718,-0.04310797212838098,-0.024430324406124488,-0.04264807623889923,0.006157908586527578,inf,0.008055235124068558,AutoETS
hotel_133,2023-02-10,bias,-0.1176814988290398,-0.04039812646370023,-0.11885535027611528,-0.12325381727191805,-0.041153693312442244,0.007884567005967291,-0.13556647422860882,5.095646471693706e+20,0.0064618617854576245,AutoNBEATS
hotel_14,2023-02-10,bias,-0.0539083557951482,-0.06603773584905659,-0.047828691224917605,-0.046033903206538426,-0.06853984907685085,-0.04840452497177621,-0.09818010955968637,4.918584496690678e+34,-0.026912225867217456,AutoNBEATS
hotel_21,2023-02-10,bias,-0.0019841269841269493,-0.0033068783068783097,-0.0024813834999019807,-0.004622343354040346,-0.04908517436684777,0.007376794517315897,-0.06490873304939773,inf,-0.0031483159967200408,AutoNBEATS
hotel_28,2023-02-10,bias,0.0,0.0,-0.029537037037037035,0.006850707774334282,-0.0025847488743147616,-0.011639639699429811,0.028409606459068266,inf,0.0010200760194233485,Drift
hotel_35,2023-02-10,bias,-0.171875,-0.17661830357142858,-0.16306423611111112,-0.13188815587576969,-0.108470259110702,0.006878356959486881,-0.16575206816196442,inf,-0.20880149837051118,Chronos
hotel_42,2023-02-10,bias,-0.175534991324465,-0.186524002313476,-0.176549636198759,-0.21965283401245514,-0.06741641337712355,0.004116402139419515,-0.18722893723850653,inf,-0.024583426973701146,AutoETS
hotel_49,2023-02-10,bias,0.16032439176543978,0.15595757953836556,0.16032439176543978,0.11041407204514526,0.11645398772476212,0.0545822344148738,0.08936350671336268,inf,0.1407901707081518,LGBMRegressor
hotel_56,2023-02-10,bias,-0.052976190476190434,-0.010119047619047614,-0.05566137566137562,-0.042360074740681056,-0.040978988201582044,-0.027861918655944427,-0.02941238482793172,inf,-0.010095830758412678,Drift
hotel_63,2023-02-10,bias,0.11349206349206355,-0.012222222222222223,0.12176641191456014,0.028882917183112953,0.012701327828286093,-0.005649501922493598,-0.1817799511031499,2.6336875814995527e+30,-0.02720924385010249,AutoNBEATS
hotel_7,2023-02-10,bias,0.02716379711493719,-0.06311074918566777,0.03223678541268119,-0.08043818197776373,-0.06573611760010216,-0.015461775859533304,-0.08162307603004759,inf,-0.04460627768707033,AutoNBEATS
hotel_70,2023-02-10,bias,0.03837719298245616,-0.07315162907268169,0.02785629196447912,-0.05969260417375503,0.022112223294505334,0.023020541280072256,-0.18043339496156327,inf,-0.02109309369908239,AutoNBEATS
hotel_84,2023-02-10,bias,0.06957488877904107,-0.06883341571922887,0.07936172290266873,-0.056858837124692196,-0.11457952545137122,-0.0030035993257496243,-0.08925419504460992,inf,-0.12510430697191485,Chronos
hotel_91,2023-02-10,bias,-0.18900481540930977,0.07263242375601926,-0.18216614152943736,-0.1161718914351827,-0.0175045936148141,-0.04364876881716933,-0.22851364491552256,inf,0.001165030616818433,AutoNBEATS
hotel_98,2023-02-10,bias,-0.19210829493087558,-0.21860599078341014,-0.20769969278033792,-0.2549711469081382,-0.1851826206280059,-0.01847091608931507,-0.2275506173891406,inf,-0.21122087335668951,AutoETS
hotel_0,2023-03-10,bias,0.09656084656084654,0.01014109347442682,0.0969742699919759,-0.006513779718504898,0.04092312434716968,-0.029707767031977216,0.05166116036225042,inf,0.009071359663833847,LGBMRegressor
hotel_105,2023-03-10,bias,0.0029200359389038983,-0.08872416891284818,0.0031306478755169747,-0.11801350782011764,-0.07614798571959427,-0.019882743198015477,-0.028346158329795753,5.354104645425418e+17,-0.013424840122327447,AutoETS
hotel_112,2023-03-10,bias,0.03995535714285719,-0.005580357142857163,0.046862112339162036,-0.014506203825716534,-0.028469113979920184,-0.007529006222825493,-0.07875399717262813,6468399040664.639,0.008878460952213828,AutoNBEATS
hotel_126,2023-03-10,bias,-0.0008537279453614108,-0.002561183836084232,-0.0009871434749290523,-0.05034112712797502,-0.007488011818961364,-0.02101454686251124,-0.023466267968079015,290160721.97601014,-0.022683326899157245,AutoETS
hotel_133,2023-03-10,bias,-0.06733021077283376,-0.09309133489461356,-0.059644601413806016,-0.12586338862725927,-0.1981834898335328,-0.019502381160380947,-0.29500939007804877,4884.118153749274,-0.12468885792641785,AutoNBEATS
hotel_14,2023-03-10,bias,0.16071428571428575,0.012466307277628054,0.1708236586717131,0.07920371631398851,0.024164123266496175,-0.01722444357447853,0.09229264346094465,inf,0.07077549442126743,LGBMRegressor
hotel_21,2023-03-10,bias,0.007771164021163989,-0.004794973544973539,0.007616130234490481,0.0015486258521188218,-0.025652253712693713,-0.010451057249888953,0.011951888285616727,inf,0.001869379449142989,AutoARIMA
hotel_28,2023-03-10,bias,-0.0008928571428571429,-0.0008928571428571429,-0.028519877928076538,0.00758969329997358,-0.0015392977677216614,-0.009411467513380652,-0.0043928687053266914,inf,-0.006143825181892939,Drift
hotel_35,2023-03-10,bias,-0.11990792410714286,-0.04736328125,-0.10950854838543385,-0.07257767389644444,-0.16059526556738973,0.025269584830679585,-0.09617438699517931,inf,-0.1058867233140128,AutoARIMA
hotel_42,2023-03-10,bias,-0.3108733371891267,0.06333140543666858,-0.3165675335968274,-0.21018888004848743,0.009506949012264124,-0.004408021658183568,-0.14873535109348832,inf,0.05570484987395978,Drift
hotel_49,2023-03-10,bias,-0.03976918278228319,-0.012320648783530884,-0.04678835439901222,-0.08241717808436577,0.020270462526472417,0.02104611969360029,0.01741410153252736,inf,-0.0027419286114829127,AutoETS
hotel_56,2023-03-10,bias,0.01011904761904762,-0.0029761904761904773,0.01011904761904762,-0.015413938232951337,-0.04164748125873498,-0.013154484098295829,-0.0060715855587096445,inf,0.0027853921765372863,AutoARIMA
hotel_63,2023-03-10,bias,0.1838095238095238,-0.10761904761904763,0.19646028080208217,0.05368492986527022,-0.09000938349208985,-0.03961977748234248,-0.15171655938738868,417.12394594687794,-0.03723424386410488,AutoNBEATS
hotel_7,2023-03-10,bias,0.23441135411819447,0.1285481619357841,0.2425377505193349,0.1315165232674896,0.09901864078684205,0.007202304555132955,0.15836124079498706,inf,0.08882219833917761,LGBMRegressor
hotel_70,2023-03-10,bias,-0.004855889724310802,0.01018170426065162,-0.016312070592184875,-0.09617807937501295,-0.055077702639411655,0.015189601303908767,-0.0469326550668493,inf,0.019479109959345407,AutoETS
hotel_84,2023-03-10,bias,0.20785961443400894,0.0625308947108255,0.2223437398325721,0.042468935405234366,0.015765774735258264,-0.0016249356145206031,0.07177435203436514,inf,0.021779170218400305,LGBMRegressor
hotel_91,2023-03-10,bias,-0.12841091492776882,-0.18619582664526482,-0.11862810879340445,-0.16465008589731284,-0.1388113975740893,-0.034171333767335714,-0.09506746354015069,inf,-0.08051880634424201,SeasonalNaive
hotel_98,2023-03-10,bias,0.18922811059907832,0.03254608294930876,0.18382693351496895,0.10937997270947886,0.026573135493064292,-0.004750112955112745,0.14237233986090955,inf,-0.02100530702809584,Chronos
hotel_0,2023-04-07,bias,0.3262786596119929,0.34567901234567894,0.32589034649772175,0.2740498616830464,0.3048355507926977,-8.29958761175083e-05,0.24044716726114723,5375349165824457.0,0.27341786820632025,LGBMRegressor
hotel_105,2023-04-07,bias,0.16127583108715185,-0.02830188679245282,0.16701260785081848,0.025023163881863854,-0.004154659026093244,-0.03412367123524218,-0.06187464051812165,inf,0.02398656979404048,AutoNBEATS
hotel_112,2023-04-07,bias,-0.1611607142857143,-0.07008928571428573,-0.1631265494267121,-0.09603291203554475,0.0018719827625691171,-0.035401317343833706,-0.04639388663428171,1.8350664565905398e+25,0.06309156928743634,Drift
hotel_126,2023-04-07,bias,0.023477518497438815,0.026323278315310183,0.02335220629721585,-0.021805462290823707,0.03842476377259544,-0.04328212769152251,-0.017869238215342264,inf,0.022497294331791044,LGBMRegressor
hotel_133,2023-04-07,bias,0.11943793911007027,0.10772833723653395,0.13078177467779545,0.07290523100075573,0.08665877321625486,-0.011513953535547655,-0.004781365638873618,25368383.964197654,0.04045643526580909,LGBMRegressor
hotel_14,2023-04-07,bias,-0.06469002695417796,-0.029649595687331557,-0.06053580929772971,-0.07132381880121084,-0.05114865696106644,-0.04775794797564933,-0.02958053250036472,1.9094071048644787e+24,-0.05462044164176901,AutoETS
hotel_21,2023-04-07,bias,0.0049603174603174306,0.010912698412698393,0.004086612953207288,-0.0016188253287529003,0.017466207128898254,-0.025215309324623247,0.005648683145563442,inf,0.013010333612482387,LGBMRegressor
hotel_28,2023-04-07,bias,0.0,0.0,-0.025949023861171365,0.007165544864879978,7.913137693376462e-05,0.0027529064764595505,-9.151726378929328e-05,inf,-0.008971064218452998,Drift
hotel_35,2023-04-07,bias,-0.25313895089285715,-0.14376395089285715,-0.24674998668461418,-0.2253010071825968,-0.3716592676034572,0.02607555650528309,-0.18702231986182077,inf,-0.19868529907294682,AutoARIMA
hotel_42,2023-04-07,bias,-0.2261422787738577,-0.058993637941006365,-0.2261422787738577,-0.19593946427657144,-0.0775564189697393,0.0011164737291838836,-0.30184317534674177,736976250535.9248,0.011715265308728176,AutoNBEATS
hotel_49,2023-04-07,bias,0.10199625701809112,0.0988771054273238,0.09677692179657724,0.059158553923971194,0.10755109299746539,0.022280918868364974,0.10974822467145366,inf,0.10427671625364296,LGBMRegressor
hotel_56,2023-04-07,bias,0.01934523809523805,0.02886904761904762,0.018821015390971956,-0.0023002628276822296,-0.012722057259153957,-0.024851440374037255,0.024251393193290356,inf,0.028137198800132397,LGBMRegressor
hotel_63,2023-04-07,bias,0.16095238095238099,0.09999999999999999,0.16864098061495028,0.064823946395189,0.09750613815514404,0.018950507998268203,0.12981281289032529,21314.373538162217,0.10151446470192502,LGBMRegressor
hotel_7,2023-04-07,bias,0.0923685435086087,-0.09865053513261982,0.09703019817520941,-0.01941971203070954,-0.004356173872493168,-0.005802832004156293,-0.00504063863763148,inf,-0.03337436750454923,SeasonalNaive
hotel_70,2023-04-07,bias,-0.018170426065162924,0.07957393483709273,-0.03058622695567554,-0.07550437369185801,-0.041771256695507686,-0.00022795700137001607,-0.006889750821548597,inf,0.007672956040628571,AutoETS
hotel_84,2023-04-07,bias,-0.11134453781512607,0.06512605042016807,-0.10720880160153896,-0.12445694186073039,-0.007770332560339571,-0.014869230521315554,-0.2045033468109396,inf,0.05971135194650452,AutoNBEATS
hotel_91,2023-04-07,bias,0.2772873194221509,0.19060995184590693,0.2974316076085556,0.25359435005901354,0.15109318895921478,-0.012359542701424617,0.1958815392770507,inf,0.16456650848086343,LGBMRegressor
hotel_98,2023-04-07,bias,0.22609447004608293,0.06365207373271889,0.22127500324879792,0.13541074383922655,0.04011563132362274,0.0009379514739374739,0.18030050685328822,inf,0.01474389988362515,LGBMRegressor
hotel_0,2023-05-05,bias,0.2081128747795414,0.05820105820105819,0.20481816903084793,0.098951231858518,0.08778209790712278,-0.016788816978024382,0.018083023804205456,10057751296.360256,0.1322294139357471,LGBMRegressor
hotel_105,2023-05-05,bias,-0.03953279424977537,-0.15633423180592992,-0.03617592424167258,-0.132881436186755,-0.11566630487990522,-0.04597995723142151,-0.12739129100741295,12040767890215.332,-0.07591511684018862,SeasonalNaive
hotel_112,2023-05-05,bias,-0.19977678571428567,-0.08459821428571428,-0.2001474401110137,-0.11823953652348758,-0.0831295063726867,-0.0009100855802094925,-0.10021898448467256,inf,-0.03951065540313722,Drift
hotel_126,2023-05-05,bias,0.01807057484348321,0.0032726237905520744,0.01807057484348321,-0.018563053350096465,-0.005323694537835861,-0.03172922417354581,-0.01084687626524683,inf,0.00808047650378742,LGBMRegressor
hotel_133,2023-05-05,bias,0.10421545667447309,-0.057377049180327856,0.11490974746531425,0.03839387742132416,-0.003014292903558452,0.011516705428306193,-0.03400581146849959,inf,-0.005372357452222821,SeasonalNaive
hotel_14,2023-05-05,bias,0.2695417789757413,0.1778975741239892,0.27877317149802394,0.16816379227072312,0.14562404989957742,-0.018649831260921148,0.22297051099111448,inf,0.09701736885903658,LGBMRegressor
hotel_21,2023-05-05,bias,0.05803571428571427,-0.010085978835978834,0.05803571428571427,0.050549966752726605,0.03424097193661909,-0.015649552094365523,0.0456113332005405,inf,0.04017293729163983,LGBMRegressor
hotel_28,2023-05-05,bias,0.0,0.0,-0.024463190184049077,0.0053445905479405495,-9.583644620401454e-05,0.001495624413310978,-0.00039042923029748114,inf,-0.005947652672018323,Drift
hotel_35,2023-05-05,bias,-0.0016741071428571428,0.08537946428571429,0.009735098506427111,0.02543355418330795,-0.0294653404362075,0.007963218651975332,-0.028641692229679654,inf,-0.017019007887159075,AutoARIMA
hotel_42,2023-05-05,bias,0.31058415268941586,0.11220358588779641,0.3249901535339056,0.2269717221490559,0.03265397281090191,-0.008996947294036838,0.16009179805661297,1.473794989076659e+34,0.04109888826752756,LGBMRegressor
hotel_49,2023-05-05,bias,0.12008733624454156,0.055832813474734885,0.11257713362088219,0.07780292730914126,0.08297562819303435,0.05894582140996392,0.09966251533885191,1.5296072075339727e+20,0.10497902187792421,SeasonalNaive
hotel_56,2023-05-05,bias,0.11130952380952386,0.03988095238095239,0.11106242087837183,0.07279087122936555,0.05690878778634244,-0.060953354128464775,0.08144271288599289,inf,0.09732691219874792,LGBMRegressor
hotel_63,2023-05-05,bias,0.123015873015873,-0.07063492063492063,0.13105495504268508,-0.06523361501030028,-0.03400319132282784,0.021702042064029124,-0.12247229850481427,16005.336211699952,-0.017221880318626523,AutoNBEATS
hotel_7,2023-05-05,bias,0.13750581665891112,0.0472312703583062,0.1473094443508704,0.008806589219311772,-0.07934253715877689,-0.017418200127907665,0.042140739408688746,inf,-0.0478565117102437,AutoARIMA
hotel_70,2023-05-05,bias,-0.030231829573934856,-0.10166040100250627,-0.04037605516859636,-0.08910783985561255,-0.13849279018857788,0.023092779639695745,-0.08283295138811408,inf,-0.09393378216446492,AutoARIMA
hotel_84,2023-05-05,bias,0.030647553138902658,-0.09144834404349973,0.04131829563294106,-0.09043286836283485,-0.059498814282291645,0.007506554260709881,-0.053328969081733936,inf,0.025383407018942462,SeasonalNaive
hotel_91,2023-05-05,bias,0.0557784911717496,-0.242776886035313,0.07476932318388167,0.0038883605458236237,-0.15668184597156468,-0.03310149823506986,-0.11077338617360802,inf,-0.16353129436460773,SeasonalNaive
hotel_98,2023-05-05,bias,0.1126152073732719,0.15754608294930875,0.10376732822557086,0.026552295158050482,0.04469407369670383,-0.006909086558883652,0.14539077994735558,inf,-0.008714645997994503,Chronos
hotel_0,2023-06-02,bias,-0.04188712522045858,-0.16887125220458557,-0.04985092396439917,-0.19966790297514825,-0.10806764580484729,0.0010084477613548973,-0.12195307827132508,250795847807733.4,-0.04132462677921987,AutoETS
hotel_105,2023-06-02,bias,-0.04761904761904761,-0.046720575022461804,-0.043032840303012916,-0.06935603160707793,-0.0799801160690611,-0.03629104448690302,-0.07281851772510138,inf,-0.05049229949471764,AutoARIMA
hotel_112,2023-06-02,bias,-0.11986607142857146,0.00334821428571425,-0.11881433061619237,-0.04060324526279616,-0.01793522939198029,-0.019130378266192596,-0.03650880498545512,2.7757323111294988e+16,0.02407345175743101,Naive
hotel_126,2023-06-02,bias,0.0054069436539556015,-0.03614114968696642,0.005630421117409333,-0.05289061977650659,-0.01676017973681445,-0.02620489795841636,0.0010749612111697893,inf,-0.015033696421385492,AutoETS
hotel_133,2023-06-02,bias,0.03395784543325526,-0.005854800936768156,0.04361317092394872,-0.012567900491439077,-0.03528746759492723,0.013483120657008027,-0.007336918378043781,inf,-0.020543415212798725,AutoARIMA
hotel_14,2023-06-02,bias,-0.0603099730458221,-0.10074123989218328,-0.06083915081305687,-0.11353837518927339,0.005286881898532601,-0.02420644840513029,-0.15316936584576119,4.647885311411877e+25,-0.039589066570499175,AutoNBEATS
hotel_21,2023-06-02,bias,0.019675925925925927,-0.07225529100529102,0.019805770470664084,-0.001921081992813874,-0.026622367702671797,0.0016292058395613238,-0.016850266585905084,inf,-0.02131787738787434,SeasonalNaive
hotel_28,2023-06-02,bias,-0.043154761904761904,-0.043154761904761904,-0.06629305977710233,-0.039388203139930335,-0.043182486663702044,-0.01476374519966416,-0.04353511855750487,inf,-0.04664123235713868,Drift
hotel_35,2023-06-02,bias,-0.14920479910714285,-0.12576729910714285,-0.1417549683527908,-0.13378787142059342,-0.17958341071714257,0.0060765439906375575,-0.1031200640967914,1.3239591555800678e+25,-0.21859294601849147,Chronos
hotel_42,2023-06-02,bias,-0.15803932909196064,-0.21934644303065357,-0.15599546030677044,-0.289781767525459,-0.1135985066185586,-0.000253950653035668,-0.20366231857127298,inf,-0.03067085864814186,AutoETS
hotel_49,2023-06-02,bias,0.0672177167810356,-0.06628197130380538,0.05999178281534506,0.012033338135799055,-0.05060551930843057,0.043238893095849475,0.02355036193403837,3.331381009604424e+17,-0.03543214658908524,SeasonalNaive
hotel_56,2023-06-02,bias,0.0011904761904761862,-0.07380952380952381,-0.0004455650732246495,-0.07604799393549933,-0.025901346880004283,-0.0502541184859872,-0.012283709077608007,inf,-0.00739083829380216,AutoETS
hotel_63,2023-06-02,bias,-0.06698412698412695,-0.049841269841269846,-0.06449111172515425,-0.14420537355182964,0.016334501253941404,0.0018258586238678717,-0.07092636522792635,4.6880753908227297e+27,0.024895811535063244,AutoETS
hotel_7,2023-06-02,bias,0.29728943694741744,0.20678222429036763,0.3079324601519487,0.18909584403115795,0.08830434140298324,-0.014184750299564185,0.19567695619922398,inf,0.11073887814486398,LGBMRegressor
hotel_70,2023-06-02,bias,-0.05748746867167923,-0.17966791979949878,-0.06154681917559861,-0.11180619045430538,0.02088738464989644,-0.004666086300730325,-0.10947407018346597,inf,-0.14188993597090396,SeasonalNaive
hotel_84,2023-06-02,bias,0.04424122590212555,-0.12432031636183885,0.0558867989111676,-0.07640074674663946,-0.06689622169767237,0.007522212679322202,0.18651898714262133,inf,0.043259772639196815,SeasonalNaive
hotel_91,2023-06-02,bias,0.0581861958266453,0.02608346709470305,0.07520312582468933,0.03698553409544448,0.00827116785303141,0.01363645404354688,-0.08411462755685441,63398849143.28938,0.0053350676215862215,AutoNBEATS
hotel_98,2023-06-02,bias,-0.020737327188940096,-0.0783410138248848,-0.03340345310146272,-0.10518467153937072,-0.04079364643132769,9.570312770973024e-05,-0.1274595137085757,inf,-0.07854593768372513,AutoNBEATS
hotel_0,2023-02-10,mae,0.20194003527336862,0.17548500881834214,0.21080410216212683,0.20900664342649597,0.12060659088577366,0.03878265344967591,0.2170075344503241,24554001262101.027,0.13247678148998782,LGBMRegressor
hotel_105,2023-02-10,mae,0.19519317160826596,0.10175202156334232,0.2002401473051368,0.08395135597180385,0.09131738985628125,0.03458797179395824,0.29569718582088733,1562386.3468287478,0.09735879008821402,LGBMRegressor
hotel_112,2023-02-10,mae,0.12120535714285717,0.1064732142857143,0.12848048941798945,0.09992872208012414,0.07969663783761112,0.04837915755959273,0.1024814145905631,inf,0.07729452252388001,LGBMRegressor
hotel_126,2023-02-10,mae,0.1115537848605578,0.11980648833238476,0.11330972406669622,0.11406415848035419,0.10939295105735823,0.06058426807691938,0.11276583151343741,inf,0.10541357305250727,LGBMRegressor
hotel_133,2023-02-10,mae,0.1762295081967213,0.16920374707259953,0.17701593084106745,0.162097464570587,0.14759210558958438,0.05687716042635952,0.18556689263367263,5.095646471693706e+20,0.1261013851302569,LGBMRegressor
hotel_14,2023-02-10,mae,0.12196765498652291,0.10579514824797843,0.119811320754717,0.09853422342523692,0.11160448372150414,0.06638661838236952,0.13443377328850833,4.918584496690678e+34,0.0939740466300368,LGBMRegressor
hotel_21,2023-02-10,mae,0.013888888888888867,0.014219576719576715,0.014197530864197505,0.01738435541520594,0.051956793318852834,0.010956302531351773,0.06672159728234406,inf,0.014558242978873065,LGBMRegressor
hotel_28,2023-02-10,mae,0.0,0.0,0.029537037037037035,0.01942462093979817,0.0025847488743147616,0.011755425140652448,0.03655389220927775,inf,0.0017943765435900008,Naive
hotel_35,2023-02-10,mae,0.17494419642857142,0.18150111607142858,0.1662202380952381,0.14263219980786093,0.11432876442092876,0.03368489342949354,0.1703861164195197,inf,0.21168818537678039,LGBMRegressor
hotel_42,2023-02-10,mae,0.2495662232504338,0.26778484673221514,0.24993609379574291,0.2845055192777247,0.2109868303207478,0.026524203660705202,0.26105922072298476,inf,0.20916461164186703,LGBMRegressor
hotel_49,2023-02-10,mae,0.1615720524017467,0.15626949469744228,0.1615720524017467,0.11042435323378223,0.11827164359786854,0.05674031072167381,0.08939372957756722,inf,0.14217439450960342,LGBMRegressor
hotel_56,2023-02-10,mae,0.07261904761904758,0.028571428571428557,0.0747222222222222,0.051687809782003505,0.05894345678238471,0.029270290068203093,0.043575374853043324,inf,0.03939060341744196,SeasonalNaive
hotel_63,2023-02-10,mae,0.1865079365079365,0.22904761904761903,0.1880568293160886,0.18435204800959687,0.18932523266110887,0.046770063683130796,0.24607409580359382,2.6336875814995527e+30,0.18413535734963796,LGBMRegressor
hotel_7,2023-02-10,mae,0.061365751512331326,0.06927640763145651,0.0608263102562777,0.0831464578201191,0.06999260657826412,0.025029444844579977,0.0902046608149645,inf,0.06285998836444003,LGBMRegressor
hotel_70,2023-02-10,mae,0.05059523809523809,0.0838032581453634,0.04991684458058727,0.06918747597794982,0.040916999432852506,0.028888580185229752,0.18070251206146146,inf,0.059111763958942916,LGBMRegressor
hotel_84,2023-02-10,mae,0.19834404349975285,0.17684132476520018,0.19920573894045637,0.17997192392411726,0.1999105988631031,0.028750788758168944,0.18210494039498282,inf,0.21407566086614244,LGBMRegressor
hotel_91,2023-02-10,mae,0.2026484751203852,0.15930979133226322,0.197191011235955,0.13960034148144346,0.12988445561307807,0.0701088680227487,0.23430567527754922,inf,0.13792081830206881,LGBMRegressor
hotel_98,2023-02-10,mae,0.19729262672811057,0.21860599078341014,0.2121543778801843,0.2549711469081382,0.1851826206280059,0.03173646397562903,0.2275506173891406,inf,0.21351596592895447,LGBMRegressor
hotel_0,2023-03-10,mae,0.0974426807760141,0.09656084656084654,0.09782555567774966,0.09054138318980261,0.08238071336433664,0.04118604050182024,0.08436569629312615,inf,0.0843712519821456,LGBMRegressor
hotel_105,2023-03-10,mae,0.10489667565139264,0.10849056603773587,0.10490912561808897,0.1293912975231385,0.11557025395816638,0.03809523680853999,0.11606954455857652,5.354104645425418e+17,0.1065225418580082,LGBMRegressor
hotel_112,2023-03-10,mae,0.09174107142857144,0.09977678571428573,0.09466708594523261,0.09918374217916882,0.09830190562480737,0.06920431824412239,0.10183443299361639,6468399040667.389,0.09756527628217425,LGBMRegressor
hotel_126,2023-03-10,mae,0.00739897552646556,0.010813887307911203,0.007473898533217833,0.060393995589153815,0.03335351491745776,0.02150276947092666,0.03369693242662253,290160723.24884254,0.023400013029202187,Naive
hotel_133,2023-03-10,mae,0.0930913348946136,0.0989461358313817,0.08786663493625976,0.12586338862725927,0.1981834898335328,0.030347072346504977,0.29500939007804877,4884.851114603148,0.12468885792641785,LGBMRegressor
hotel_14,2023-03-10,mae,0.16071428571428575,0.07850404312668466,0.1708236586717131,0.08933681100991557,0.07100464477155626,0.04726872104683497,0.10070723488003096,inf,0.08319261156002467,LGBMRegressor
hotel_21,2023-03-10,mae,0.01273148148148147,0.025958994708994685,0.012713916077080032,0.019142571303312293,0.025941364401678577,0.01469254678969383,0.01696444748255312,inf,0.01200211576368442,Chronos
hotel_28,2023-03-10,mae,0.0008928571428571429,0.0008928571428571429,0.028519877928076538,0.010893147169683278,0.0015392977677216614,0.010471129894600553,0.0043928687053266914,inf,0.006143825181892939,Naive
hotel_35,2023-03-10,mae,0.16287667410714285,0.12897600446428573,0.15821488499051467,0.14217003437601106,0.180194214308346,0.04064472358229264,0.1443215502159936,inf,0.15469639216150557,LGBMRegressor
hotel_42,2023-03-10,mae,0.32764603817235394,0.25824175824175827,0.3325548281789925,0.23565047685177154,0.23711531418386395,0.029661001666902227,0.280168842720358,inf,0.22717020380110875,LGBMRegressor
hotel_49,2023-03-10,mae,0.03976918278228319,0.0235495945102932,0.04678835439901222,0.08243408875834245,0.022555859970700143,0.024787262124790366,0.04465388803651612,inf,0.017180317818783854,Chronos
hotel_56,2023-03-10,mae,0.01011904761904762,0.011309523809523806,0.01011904761904762,0.03655434017354697,0.04720979775773203,0.01975112396152784,0.020809133705638704,inf,0.016765797847793217,Naive
hotel_63,2023-03-10,mae,0.18444444444444444,0.2146031746031746,0.19646028080208217,0.12816140892217248,0.15600583798384163,0.06075270666504189,0.21683290947051276,418.4337327986341,0.1226836997081363,LGBMRegressor
hotel_7,2023-03-10,mae,0.23441135411819447,0.16751977664029782,0.2425377505193349,0.16789864948941674,0.14236053957493708,0.026390957631897978,0.18351855661534552,inf,0.1344694699996735,LGBMRegressor
hotel_70,2023-03-10,mae,0.0487155388471178,0.05372807017543859,0.05432786643282572,0.10460240406899016,0.07274919736213335,0.028567169788044695,0.06783524225641015,inf,0.04150803478663428,LGBMRegressor
hotel_84,2023-03-10,mae,0.21972318339100347,0.14607019278299554,0.23121059318986395,0.12155423335398301,0.12722022512341033,0.041663310031463736,0.16148164073577093,inf,0.12235725328171541,LGBMRegressor
hotel_91,2023-03-10,mae,0.17656500802568217,0.2086677367576244,0.17160131821366478,0.1881581232620006,0.1777059396514514,0.05653645823858233,0.1867293326324674,inf,0.14379483901478504,LGBMRegressor
hotel_98,2023-03-10,mae,0.2047811059907834,0.07690092165898618,0.20126901054692903,0.12919094907180598,0.06893302855559762,0.025313729050180447,0.15277268002796832,inf,0.06936702884149991,LGBMRegressor
hotel_0,2023-04-07,mae,0.3262786596119929,0.34567901234567894,0.32591903958498314,0.2740498616830464,0.3048355507926977,0.05875866077297196,0.24933251139348148,5375349165824459.0,0.2774513597736493,LGBMRegressor
hotel_105,2023-04-07,mae,0.1684636118598383,0.09299191374663074,0.1725330495641141,0.08183636647499291,0.08488677960665299,0.04769844924793125,0.08255484467246785,inf,0.08552817490222962,LGBMRegressor
hotel_112,2023-04-07,mae,0.1625,0.10669642857142858,0.1644270994731949,0.10673759966007301,0.07398805054063685,0.09105624859102589,0.07501368863242013,1.8350664565905398e+25,0.08996950984001159,AutoARIMA
hotel_126,2023-04-07,mae,0.02831531018782014,0.030876494023904376,0.028270864481337126,0.03699994694247932,0.03918790298945448,0.0462857311897469,0.03635541972580728,inf,0.027550584630797913,Chronos
hotel_133,2023-04-07,mae,0.11943793911007027,0.11124121779859486,0.13078177467779545,0.0988210467105025,0.10305208415601119,0.04015028637664234,0.08616433269944067,25368386.488109827,0.08882007850835696,LGBMRegressor
hotel_14,2023-04-07,mae,0.09838274932614562,0.0707547169811321,0.0961726236764096,0.07964521606960139,0.07421688325476151,0.0700299030603738,0.06510452821730284,1.9094071048644787e+24,0.06608306148624166,AutoNBEATS
hotel_21,2023-04-07,mae,0.03736772486772488,0.03736772486772485,0.037733561730307945,0.03238741889822842,0.03032108466530584,0.026529077017996335,0.03577327349829296,inf,0.03354851310215299,LGBMRegressor
hotel_28,2023-04-07,mae,0.0,0.0,0.025949023861171365,0.00840336403256212,0.0003736871607092078,0.0029755681634088594,0.0001814280372920101,inf,0.008971064218452998,Naive
hotel_35,2023-04-07,mae,0.25634765625,0.23221261160714285,0.2500216375019368,0.22578054360823302,0.3716592676034572,0.03507763871934228,0.19058979621955327,inf,0.20559848419257573,LGBMRegressor
hotel_42,2023-04-07,mae,0.3042220936957779,0.2611336032388664,0.3042220936957779,0.27645182461581785,0.24021775591927327,0.02660023480293627,0.35260448402505934,736976250536.9856,0.17585522209618945,LGBMRegressor
hotel_49,2023-04-07,mae,0.10199625701809112,0.0988771054273238,0.09677692179657724,0.07283855695333137,0.10755109299746539,0.02830903562123404,0.10974822467145366,inf,0.10427671625364296,LGBMRegressor
hotel_56,2023-04-07,mae,0.04077380952380955,0.037202380952380966,0.04091067555004651,0.04523414939815844,0.05483930052420928,0.03543891297741715,0.037137294667107724,inf,0.03728666504224142,LGBMRegressor
hotel_63,2023-04-07,mae,0.20444444444444446,0.1473015873015873,0.20724718520813967,0.11096439795218897,0.16869033568075578,0.03615670611367593,0.14880730119016436,21316.49441326436,0.1354839772742892,LGBMRegressor
hotel_7,2023-04-07,mae,0.17089343880874824,0.16635644485807352,0.17034230722254917,0.1590274546300605,0.15981671539589803,0.024380902226051576,0.13825485251736452,inf,0.15320966959956525,LGBMRegressor
hotel_70,2023-04-07,mae,0.07017543859649122,0.11027568922305764,0.06973983222698829,0.08491888724319667,0.06583581785891608,0.026872657965795695,0.06547583254955167,inf,0.06751034769199246,LGBMRegressor
hotel_84,2023-04-07,mae,0.17090954028670294,0.17609985170538806,0.16870924712873542,0.16572494273544874,0.14023686356490342,0.049619000277594395,0.24054295856559035,inf,0.12271985088282156,LGBMRegressor
hotel_91,2023-04-07,mae,0.2772873194221509,0.20104333868378815,0.2974316076085556,0.25705641630184306,0.20299403127677615,0.06382235094003148,0.21759948301851081,inf,0.1924423814824458,LGBMRegressor
hotel_98,2023-04-07,mae,0.2566244239631336,0.12759216589861752,0.25289705309035654,0.1764640743559621,0.10237846977053401,0.017571300827964285,0.21212438854479024,inf,0.08742716474123814,LGBMRegressor
hotel_0,2023-05-05,mae,0.23633156966490296,0.16843033509700175,0.23402689864857554,0.148305148190103,0.1661165934832694,0.04088857280647386,0.17287835862480985,10057751297.371048,0.18657174102002774,LGBMRegressor
hotel_105,2023-05-05,mae,0.07951482479784365,0.16801437556154536,0.07736510508822117,0.13554831282413424,0.11970561802755698,0.04850486193147432,0.13631601191166812,12040767890216.559,0.09194553424566583,LGBMRegressor
hotel_112,2023-05-05,mae,0.19977678571428567,0.1171875,0.2001474401110137,0.1303356633607417,0.10802444150783883,0.056448311011235694,0.12594979703426362,inf,0.08787560973848617,LGBMRegressor
hotel_126,2023-05-05,mae,0.0226237905520774,0.025754126351735913,0.0226237905520774,0.039990604848033094,0.025775242674498457,0.04293384477729153,0.04265095586965352,inf,0.022448433814363584,Chronos
hotel_133,2023-05-05,mae,0.10421545667447309,0.09367681498829039,0.11490974746531425,0.061340103210079114,0.04860878250528733,0.030371864225064858,0.05450470365182577,inf,0.046099730062819755,LGBMRegressor
hotel_14,2023-05-05,mae,0.2695417789757413,0.19609164420485176,0.27877317149802394,0.1691501660830987,0.1573730222644397,0.04352610021819135,0.22297051099111448,inf,0.10683198397692968,LGBMRegressor
hotel_21,2023-05-05,mae,0.06431878306878305,0.05539021164021163,0.06431878306878305,0.06257820098836245,0.059368275149879905,0.024061574976965306,0.06668712435260651,inf,0.06058464534383602,LGBMRegressor
hotel_28,2023-05-05,mae,0.0,0.0,0.024463190184049077,0.006163194516338952,0.00015217866046236765,0.0016344756435329195,0.000516799589312151,inf,0.005947652672018323,Naive
hotel_35,2023-05-05,mae,0.08775111607142858,0.15485491071428573,0.09284846990943617,0.08818264653940575,0.07905937372472964,0.02697615235576249,0.07870042749813624,inf,0.07250896521977016,LGBMRegressor
hotel_42,2023-05-05,mae,0.31231925968768076,0.24551764025448236,0.3249901535339056,0.2681311029380744,0.21607987084532596,0.020823545802925097,0.25480982218263054,1.473794989076659e+34,0.22274347545957207,LGBMRegressor
hotel_49,2023-05-05,mae,0.12102308172177174,0.09513412351840302,0.11490278325277126,0.08960678444220536,0.09289129037871884,0.060317881640244646,0.10347344790000286,1.5296072075339727e+20,0.11013933620226808,LGBMRegressor
hotel_56,2023-05-05,mae,0.1160714285714286,0.10654761904761907,0.11590953354757037,0.1043740938677037,0.09449358734819083,0.07740978819339235,0.10540051630565098,inf,0.11127970644405909,LGBMRegressor
hotel_63,2023-05-05,mae,0.16206349206349205,0.14269841269841269,0.16491479209270618,0.13173200993239176,0.14413938909861423,0.04641113321148854,0.16816084235433548,16007.479772455916,0.1327019525141943,LGBMRegressor
hotel_7,2023-05-05,mae,0.14634713820381573,0.09678920428106096,0.15125335320275468,0.08677493440224324,0.1268668590694586,0.03947842434121091,0.09594582964260115,inf,0.1285436083239808,LGBMRegressor
hotel_70,2023-05-05,mae,0.068765664160401,0.11701127819548872,0.07503517228654458,0.09651389559628736,0.13891247890596176,0.03974779439643843,0.09380320179507248,inf,0.09796074635925746,LGBMRegressor
hotel_84,2023-05-05,mae,0.08452792881858627,0.14236282748393478,0.08836519089772323,0.123541254638339,0.10068406074952829,0.02878445911074829,0.10009954021198586,inf,0.10126496175993685,LGBMRegressor
hotel_91,2023-05-05,mae,0.06380417335473516,0.26765650080256825,0.07752661276822027,0.06598419249166446,0.17642172169196144,0.04921537275354315,0.14228030678070186,inf,0.1725807429603742,LGBMRegressor
hotel_98,2023-05-05,mae,0.15697004608294932,0.22494239631336405,0.15143467341419053,0.10557008930233389,0.11816645201420681,0.01656644987549039,0.17940631488226527,inf,0.09453766006753192,LGBMRegressor
hotel_0,2023-06-02,mae,0.11155202821869489,0.28527336860670194,0.11469047107344979,0.19966790297514825,0.14681930521251293,0.03456252937214126,0.12686792889862883,250795847807735.8,0.09523712710938965,LGBMRegressor
hotel_105,2023-06-02,mae,0.052111410601976625,0.05525606469002694,0.04790926990846701,0.07998228175483231,0.08048777725789787,0.03629104448690302,0.07781638363033185,inf,0.057669375851576325,LGBMRegressor
hotel_112,2023-06-02,mae,0.13102678571428575,0.13772321428571427,0.1303014472229898,0.09265314383339229,0.09330293106629571,0.08175429491588786,0.09488370375973838,2.7757323111294996e+16,0.0910508462360927,LGBMRegressor
hotel_126,2023-06-02,mae,0.007683551508252696,0.04382470119521912,0.007878406242397091,0.056991238644095325,0.022433643571384082,0.02897823644986016,0.011391599127767296,inf,0.017823736514635362,Naive
hotel_133,2023-06-02,mae,0.04449648711943794,0.06323185011709603,0.05010894233077701,0.05278478860977046,0.06271990550326256,0.026509454946408377,0.05913020115546376,inf,0.04926742313198518,LGBMRegressor
hotel_14,2023-06-02,mae,0.10074123989218328,0.14184636118598382,0.10097585072494746,0.12476602592330377,0.09966213493602334,0.04610103234963858,0.160357572539958,4.647885311411877e+25,0.09163027501732833,LGBMRegressor
hotel_21,2023-06-02,mae,0.021660052910052904,0.09837962962962962,0.021784140800098238,0.026921468310007114,0.03675389821176266,0.015487224810586644,0.028323627574733955,inf,0.029499543328133836,LGBMRegressor
hotel_28,2023-06-02,mae,0.043154761904761904,0.043154761904761904,0.06629305977710233,0.044966962954629146,0.043193609169696646,0.029885807354939783,0.04373206667132546,inf,0.04664123235713868,LGBMRegressor
hotel_35,2023-06-02,mae,0.15046037946428573,0.14362444196428573,0.14304724738360042,0.13805942732701096,0.17993797740454992,0.021645324867158536,0.1217750832438469,1.3239591555800678e+25,0.22033041289874486,LGBMRegressor
hotel_42,2023-06-02,mae,0.2190572585309427,0.4258241758241758,0.21778865031944536,0.289781767525459,0.2009553570758366,0.027924201442420908,0.20620491244480607,inf,0.16796939037072306,LGBMRegressor
hotel_49,2023-06-02,mae,0.0672177167810356,0.09217092950717408,0.06082737758385816,0.03614322763072194,0.057926563313747494,0.043291674253135584,0.03775576919001189,3.3313810096044243e+17,0.04662724167424594,AutoETS
hotel_56,2023-06-02,mae,0.06488095238095237,0.1285714285714286,0.06567076540480796,0.0868173620521052,0.07277894291618837,0.05342742115748279,0.053654867268743967,inf,0.06467090192295255,LGBMRegressor
hotel_63,2023-06-02,mae,0.1311111111111111,0.16317460317460317,0.12973565441650547,0.1541124661472478,0.10515167435042437,0.03207568022792971,0.1021314737721095,4.6880753908227297e+27,0.07826298946426029,LGBMRegressor
hotel_7,2023-06-02,mae,0.29728943694741744,0.21003955328059565,0.3079324601519487,0.1895670888241974,0.11380205148077761,0.025976416229838158,0.19567695619922398,inf,0.11964774101612012,LGBMRegressor
hotel_70,2023-06-02,mae,0.08505639097744362,0.1843671679197995,0.08749600063989761,0.11594370022192545,0.05454491895607959,0.031290446131285864,0.11500352757392374,inf,0.14294265666252987,LGBMRegressor
hotel_84,2023-06-02,mae,0.0847750865051903,0.14607019278299554,0.08735661746778585,0.11617584157158324,0.10313678072350023,0.023694555911531513,0.18651898714262133,inf,0.08014624026289566,LGBMRegressor
hotel_91,2023-06-02,mae,0.0774478330658106,0.1312199036918138,0.08486033450174021,0.06290919166628947,0.06767172064379268,0.046864973928964195,0.08840019233154063,63398849145.90443,0.05077179811930771,LGBMRegressor
hotel_98,2023-06-02,mae,0.1077188940092166,0.09043778801843318,0.10626933121785558,0.10575852517908715,0.09045939698166601,0.01304447432636419,0.1274595137085757,inf,0.08913446114771927,LGBMRegressor
hotel_0,2023-02-10,rmse,0.22538412883456505,0.21013574615317782,0.23441743742289756,0.2363351138025701,0.1347371902721157,0.05496055886198155,0.23978389135472325,56535745964370.664,0.14922722023366544,LGBMRegressor
hotel_105,2023-02-10,rmse,0.23824479528728346,0.1374479548965886,0.24275007412529973,0.11427616115097948,0.12020414733366859,0.04741131672586313,0.34293753910101304,5768146.572421051,0.12078119292972815,LGBMRegressor
hotel_112,2023-02-10,rmse,0.15041330707895686,0.13690516627787072,0.15704644190922706,0.1315368742954474,0.10699729186995141,0.06008326392991155,0.13674699456461845,inf,0.1033343525205522,LGBMRegressor
hotel_126,2023-02-10,rmse,0.1270892248064744,0.16687949036753585,0.12757975998304022,0.12891097547677136,0.12055204043625597,0.0951094259344585,0.14449285295522502,inf,0.12398041351047695,LGBMRegressor
hotel_133,2023-02-10,rmse,0.20397911360809504,0.2063184001018843,0.2048130061702948,0.19504122356882503,0.18053142599471877,0.07346720885505115,0.2244777301307665,1.1802963032046545e+21,0.15594086474879462,LGBMRegressor
hotel_14,2023-02-10,rmse,0.1458890988086419,0.14714734779145944,0.14439742672376887,0.11814367111101629,0.13433728571485187,0.0845702310639991,0.1649405211527102,1.8165439794443273e+35,0.11376286397370793,LGBMRegressor
hotel_21,2023-02-10,rmse,0.02247704426979685,0.020888375261049932,0.022506431987258404,0.022705447575645868,0.054410146241337054,0.019212836530039256,0.07494752045903108,inf,0.02110487458863014,LGBMRegressor
hotel_28,2023-02-10,rmse,0.0,0.0,0.03381113322216225,0.024112818251342354,0.0027076153741983806,0.014484291289607619,0.04947017664925264,inf,0.0021959057067718183,Naive
hotel_35,2023-02-10,rmse,0.19940399191463032,0.206877864970923,0.19110152964408175,0.1689399494696004,0.13974362224142178,0.04333849686380153,0.19499139917731123,inf,0.2391519812975537,LGBMRegressor
hotel_42,2023-02-10,rmse,0.307728453631662,0.32639643543321034,0.3084838722991925,0.3407549687711355,0.25350817647046225,0.032477900107218814,0.3209100382853649,inf,0.24052001015616442,LGBMRegressor
hotel_49,2023-02-10,rmse,0.16458719943273015,0.1599282434227674,0.16458719943273015,0.1192178230923628,0.1204607377863467,0.062051705493258474,0.10431702920968396,inf,0.14549208126231572,LGBMRegressor
hotel_56,2023-02-10,rmse,0.0741352260806679,0.056034640646487166,0.07637966113897393,0.06277997541996735,0.06222670622185412,0.04452169821039664,0.05768772833139338,inf,0.04939830158750284,LGBMRegressor
hotel_63,2023-02-10,rmse,0.23889959370625954,0.25795697110525806,0.24292157723231725,0.2144569764176702,0.22321621243111614,0.08879771484238348,0.30215166218199246,9.726801178104767e+30,0.21514880934086486,LGBMRegressor
hotel_7,2023-02-10,rmse,0.07991073269001346,0.08183995679930446,0.0806742649841618,0.09444744740225713,0.08024504420809678,0.030251891037904974,0.09977308047026906,inf,0.07392763221326427,LGBMRegressor
hotel_70,2023-02-10,rmse,0.07110424654545787,0.09823764177285264,0.06808973861140301,0.09290925096678546,0.0516152235979476,0.0342711205013603,0.20118594264811548,inf,0.07375397558226096,LGBMRegressor
hotel_84,2023-02-10,rmse,0.24795903211249593,0.21143801997745046,0.25042171610727854,0.20953536221796526,0.23365183384311616,0.035587478801844354,0.22170524995192617,inf,0.25585833813488407,LGBMRegressor
hotel_91,2023-02-10,rmse,0.24887250938112615,0.19870493464974598,0.2443971647242878,0.17602298634799732,0.15227110078120043,0.09238347191758223,0.2702917572330418,inf,0.16189830149928333,LGBMRegressor
hotel_98,2023-02-10,rmse,0.24346196623400365,0.2559724024559821,0.2559539712067567,0.28314044035094804,0.21799171617966187,0.04213439298767924,0.2497254389339544,inf,0.2419159301903428,LGBMRegressor
hotel_0,2023-03-10,rmse,0.17206617116995498,0.1411292943949192,0.1722679150542003,0.1295539190403168,0.13143765483908448,0.05898099487628343,0.12121701963446363,inf,0.12766478784644045,LGBMRegressor
hotel_105,2023-03-10,rmse,0.1277419824999714,0.1439933736906249,0.1277810253087649,0.1769033414397487,0.1416452405614751,0.05171339960412563,0.15606067559190456,1.2325431594280517e+18,0.12754315756861154,LGBMRegressor
hotel_112,2023-03-10,rmse,0.11349387373334299,0.12242321755463126,0.11883719437717172,0.11262347641979911,0.10885879647217117,0.08238912038428022,0.11882807338198151,23889047696098.434,0.11017973136999931,LGBMRegressor
hotel_126,2023-03-10,rmse,0.010268422625309448,0.014638384917030933,0.010279497189014757,0.07681179520420296,0.04223860687065035,0.02984103620849373,0.04017828751425373,675094467.1598642,0.025804698115306796,Naive
hotel_133,2023-03-10,rmse,0.09908980326950835,0.11703159820453807,0.09314491662684818,0.14223315766858954,0.2112440805163416,0.03999698853736311,0.33604915076770453,10657.88798683307,0.13597280778622692,LGBMRegressor
hotel_14,2023-03-10,rmse,0.1987459411989603,0.1043996064717684,0.2075185507463944,0.11482253785389927,0.09284620310192485,0.06474815193010833,0.1134265359605328,inf,0.10854005533705531,LGBMRegressor
hotel_21,2023-03-10,rmse,0.017607380306844073,0.04126978827496256,0.017498093322533357,0.024822002391703388,0.029175877428125628,0.020270537454198878,0.021959944290869338,inf,0.01477344499524905,Chronos
hotel_28,2023-03-10,rmse,0.0035214760613688193,0.0035214760613688193,0.03226263041688655,0.014666130934360418,0.0037002045677706394,0.013803617037831324,0.005522837918468561,inf,0.007299742311013128,Naive
hotel_35,2023-03-10,rmse,0.18095641765059603,0.14578562883988816,0.1748251833899551,0.15525918047354978,0.20872639552464678,0.046577545093069994,0.16196758189423252,inf,0.17119102917942244,LGBMRegressor
hotel_42,2023-03-10,rmse,0.399619078545395,0.32502691123653243,0.404390408687013,0.30478925197917967,0.26326546355249136,0.04851551192676482,0.33562053090938637,inf,0.24953909046637895,LGBMRegressor
hotel_49,2023-03-10,rmse,0.04117161948436117,0.02790028356059059,0.0479904369781187,0.0919198156458088,0.026017463884936618,0.031156645852962385,0.05945134028688382,inf,0.019592120249656245,Chronos
hotel_56,2023-03-10,rmse,0.030940931948492918,0.024900596027799874,0.030940931948492918,0.045645403507796084,0.0488589662306841,0.028665949522524298,0.02690224263482448,inf,0.028557250259842355,SeasonalNaive
hotel_63,2023-03-10,rmse,0.2487754843680843,0.28649558079148646,0.25878845849697496,0.15641444767553078,0.1732924793283832,0.0990147244544792,0.2521767180930311,1478.7807933645904,0.15842142006240703,LGBMRegressor
hotel_7,2023-03-10,rmse,0.28351930210873977,0.1950656610792889,0.29168532254698737,0.19746983011339733,0.16541289546861343,0.03226145793337226,0.21840857322018542,inf,0.15895974077154895,LGBMRegressor
hotel_70,2023-03-10,rmse,0.05807412210501747,0.06679988503394851,0.06377569530178422,0.1278026105684474,0.0875620690934303,0.03612770247573734,0.09048276935147807,inf,0.054904050911793775,LGBMRegressor
hotel_84,2023-03-10,rmse,0.27110235320579995,0.19007084961328594,0.2816304787777696,0.15265793289494056,0.15818872645367602,0.05184108837475231,0.1998230405381731,inf,0.13973394326801283,LGBMRegressor
hotel_91,2023-03-10,rmse,0.2117654986063253,0.24644202887943223,0.20510815652149086,0.22172107959977216,0.2111525425603638,0.07633761805569851,0.22193754161427467,inf,0.16782699354143826,LGBMRegressor
hotel_98,2023-03-10,rmse,0.23015177966457465,0.1064982965643185,0.22561959345416976,0.14708650445209165,0.08542532336727884,0.03128720212752359,0.1709452497829073,inf,0.08943162363297401,LGBMRegressor
hotel_0,2023-04-07,rmse,0.36600900646067364,0.3842065757924799,0.3657197154189835,0.3051184491511494,0.33146629019522433,0.07147501482584448,0.30272876325425424,1.9852323482714604e+16,0.31724748900327565,LGBMRegressor
hotel_105,2023-04-07,rmse,0.20467533110317446,0.10712943572099087,0.20894602467369938,0.09712372864921404,0.10444917200729108,0.0557136314399168,0.11378659025253161,inf,0.10774911976783179,LGBMRegressor
hotel_112,2023-04-07,rmse,0.18453004981767682,0.12818487277031895,0.18639050190078194,0.12760736580132268,0.08548819398265371,0.12226369277034553,0.09026143475800413,4.283808649589143e+25,0.10932612020814315,AutoARIMA
hotel_126,2023-04-07,rmse,0.05055770837618531,0.05307399280393328,0.05049794618544951,0.050982082317598834,0.05872429841626865,0.07351058561447861,0.04546222649342691,inf,0.049997787573302324,AutoNBEATS
hotel_133,2023-04-07,rmse,0.17047829166420045,0.1552129703009789,0.17965922481306998,0.11838364811722787,0.1388680773219572,0.05152812598689668,0.09850307585841292,93676674.30833453,0.11031357743489845,LGBMRegressor
hotel_14,2023-04-07,rmse,0.11376770668682097,0.09191631554140219,0.11113248488342473,0.09735959573816,0.08828887358491115,0.08575224141808198,0.08394320282460538,4.429907212266493e+24,0.0841295363093714,AutoNBEATS
hotel_21,2023-04-07,rmse,0.052509645633709044,0.0560357335042139,0.05234130913643963,0.04550400122371792,0.05287776142261886,0.03296142913036189,0.052001793601265375,inf,0.05368085274197461,LGBMRegressor
hotel_28,2023-04-07,rmse,0.0,0.0,0.029703923980424533,0.01122860120082495,0.0004987507920974495,0.0032096816191493995,0.00022986222131358703,inf,0.009083300835507773,Naive
hotel_35,2023-04-07,rmse,0.283412070780671,0.25664171856080886,0.27727091028765416,0.2560451943359071,0.40236825381148555,0.04068045278672815,0.220062742058331,inf,0.23322892721461624,LGBMRegressor
hotel_42,2023-04-07,rmse,0.3383639073160343,0.3097818005967399,0.3383639073160343,0.3151218014731984,0.2785598102223383,0.034780512941181424,0.4085564434830063,1675444784695.8403,0.2085537993982663,LGBMRegressor
hotel_49,2023-04-07,rmse,0.13578810085467455,0.13325678545007089,0.13135067351579027,0.10116163150404522,0.1404168109997318,0.03721713190316695,0.1393082816459185,inf,0.13787826882849116,LGBMRegressor
hotel_56,2023-04-07,rmse,0.07324331596352894,0.0770068797173962,0.07303392974655057,0.062180658798788535,0.0685377217559057,0.048523041125426936,0.07253269664769611,inf,0.07540702449069892,LGBMRegressor
hotel_63,2023-04-07,rmse,0.25191471359904644,0.18571184369578825,0.25746265943017554,0.14170960387223286,0.19950890625167694,0.04382195419205645,0.19168967602499373,78644.28847787195,0.17647496386723743,LGBMRegressor
hotel_7,2023-04-07,rmse,0.2032249059880433,0.20061824388210045,0.2034687303106201,0.16859394950818765,0.16781374611609381,0.032475874525861856,0.15241297515560392,inf,0.1638156338377949,LGBMRegressor
hotel_70,2023-04-07,rmse,0.08247979983712515,0.12555662463420736,0.08477649015474654,0.10524628259809775,0.09141697964916846,0.03295798437019772,0.07351821004095088,inf,0.0780431644572278,LGBMRegressor
hotel_84,2023-04-07,rmse,0.20403596812431637,0.20880465898100267,0.20125189881050495,0.19513223785525607,0.1639537080286401,0.06227632969313858,0.270010580721952,inf,0.15302968698184352,LGBMRegressor
hotel_91,2023-04-07,rmse,0.33683110225168006,0.25504628006328467,0.35356694029857316,0.29904883591992254,0.24141557378178055,0.08162728606319,0.26389873567972344,inf,0.23139100239229735,LGBMRegressor
hotel_98,2023-04-07,rmse,0.27214008107091864,0.18228176714680175,0.26855727593859247,0.19696520748395943,0.14398207032285668,0.02728237022214028,0.22641220959325678,inf,0.13660399852620864,LGBMRegressor
hotel_0,2023-05-05,rmse,0.2938241963302533,0.21160714027324043,0.2911352623174228,0.19420696756854308,0.21160536079337255,0.06755289212681055,0.2239850776589517,23180932348.83488,0.22966685340076284,LGBMRegressor
hotel_105,2023-05-05,rmse,0.09463863962789984,0.2015033879698213,0.09296777811779154,0.15382261671399688,0.13035704387592317,0.05922361357652741,0.16295973728132865,27808216005949.496,0.10994319832680197,LGBMRegressor
hotel_112,2023-05-05,rmse,0.22005668405306064,0.14512636888735475,0.22040685823554243,0.1491189258763422,0.1225000919399512,0.06872463679887275,0.13740536327245925,inf,0.09878270156639465,LGBMRegressor
hotel_126,2023-05-05,rmse,0.044204644733066435,0.04555616185669034,0.044204644733066435,0.05331368360587292,0.041500165288862155,0.0705452532377195,0.05454005386593645,inf,0.04123242788094988,Chronos
hotel_133,2023-05-05,rmse,0.13532571628284468,0.12094380640445299,0.14197657066227595,0.07648027254695536,0.05685273239199561,0.03815488383402041,0.07125483262017815,inf,0.055846321595058104,LGBMRegressor
hotel_14,2023-05-05,rmse,0.3025598965046314,0.22989796498009396,0.3122296870674271,0.20260283938464327,0.1930812951189064,0.054970391091789084,0.25559667854002666,inf,0.13370988464965045,LGBMRegressor
hotel_21,2023-05-05,rmse,0.09609369585620035,0.08181767613517206,0.09609369585620035,0.08944526439528709,0.07947803292048543,0.03166565871690997,0.08946232019670504,inf,0.08475868848226316,LGBMRegressor
hotel_28,2023-05-05,rmse,0.0,0.0,0.028003085797496337,0.007735915398975411,0.00016287710382393718,0.002067693910240069,0.0006940981913784669,inf,0.0060417281061122905,Naive
hotel_35,2023-05-05,rmse,0.10495077834926271,0.1869914105382781,0.10898322088002094,0.10730202849310255,0.10033455849415365,0.03465448099608336,0.1034807936606317,inf,0.08728305394780293,LGBMRegressor
hotel_42,2023-05-05,rmse,0.40952058122352436,0.32526276482818905,0.4219615540992964,0.3328219367170062,0.2512621068425423,0.02898412354258121,0.326596130110925,3.4125691620840514e+34,0.24949487962769146,LGBMRegressor
hotel_49,2023-05-05,rmse,0.1462393192108328,0.12193608957551359,0.13978875831609253,0.10937204885968056,0.11696590078154488,0.07238235715661101,0.12713367586801408,3.5707498823055455e+20,0.13456226861489742,LGBMRegressor
hotel_56,2023-05-05,rmse,0.16425336120355855,0.1367312565141435,0.16408040876904353,0.13418491986941572,0.12579169250705957,0.10220071765909346,0.14244204466741003,inf,0.15376637718980932,LGBMRegressor
hotel_63,2023-05-05,rmse,0.22088326778961323,0.18449416044443043,0.22556332096309345,0.1596335652058297,0.16533722183440788,0.0551389311683711,0.20781309075379434,59047.0760909621,0.1550176608434656,LGBMRegressor
hotel_7,2023-05-05,rmse,0.19831910286319798,0.12204897340226263,0.20393081950615854,0.10042945912564152,0.1448954229706118,0.047611103404260335,0.12258672206210629,inf,0.14032617583449425,LGBMRegressor
hotel_70,2023-05-05,rmse,0.08610274230183106,0.14459674620282223,0.0928631768889675,0.11802578416758601,0.16163742173793444,0.05094565993335638,0.11080546215737948,inf,0.1160332023419871,LGBMRegressor
hotel_84,2023-05-05,rmse,0.10638580999957929,0.1873015024241084,0.11270140707945091,0.14613602136133672,0.11922398875165764,0.0372433807260078,0.127914902516245,inf,0.12212704579151357,LGBMRegressor
hotel_91,2023-05-05,rmse,0.11713372479663219,0.33120211914273423,0.1287225730105652,0.09994233382476861,0.18855148242377245,0.0705105776120552,0.15568804183849885,inf,0.1992595159191603,LGBMRegressor
hotel_98,2023-05-05,rmse,0.17034628596731172,0.2845651271329626,0.16326478466242053,0.1310881241843155,0.13856672842384243,0.02407279490558024,0.19441137608705508,inf,0.12973405087009343,LGBMRegressor
hotel_0,2023-06-02,rmse,0.13384430797944422,0.3168485679343817,0.13648265016333538,0.2152733926705726,0.1686815597911448,0.04659228346928445,0.15143888227361058,926241463779090.4,0.11180452555587965,LGBMRegressor
hotel_105,2023-06-02,rmse,0.05687764433249381,0.06869056576297357,0.0525660003258237,0.1002732974489918,0.08856768871143199,0.05097140518116841,0.09456235069452411,inf,0.06577314282098698,LGBMRegressor
hotel_112,2023-06-02,rmse,0.1596111695541029,0.16327510882162743,0.1587079242566806,0.10711073149401654,0.10806537735067204,0.09476871731978966,0.10946187190333864,6.467519744203558e+16,0.10327410469728061,LGBMRegressor
hotel_126,2023-06-02,rmse,0.013510617496265462,0.07700396804456558,0.013587646997861306,0.06455477002001858,0.027802168816361935,0.0401680466564816,0.016810355736368132,inf,0.020212721882264584,Naive
hotel_133,2023-06-02,rmse,0.06528037407384708,0.08161516905492565,0.07127396653118043,0.06079957722659537,0.07331946504960286,0.036717259758590866,0.06652330410476325,inf,0.0593974429373613,LGBMRegressor
hotel_14,2023-06-02,rmse,0.12519374193782065,0.17356036683461948,0.12542541035368795,0.15042434196031643,0.12133846155468495,0.055385324301312086,0.18384445514621192,1.0792430414798992e+26,0.12305644160211912,LGBMRegressor
hotel_21,2023-06-02,rmse,0.032537061128116516,0.1340395712204021,0.03263617899101908,0.03479574479119263,0.04404008671640458,0.020132148307214198,0.03467596675949187,inf,0.033829725694714485,LGBMRegressor
hotel_28,2023-06-02,rmse,0.1416579128948125,0.1416579128948125,0.15652012962084016,0.14190717193464977,0.14167461313280655,0.0583614640469432,0.1418809249684514,inf,0.1424652101039306,LGBMRegressor
hotel_35,2023-06-02,rmse,0.1852893390118194,0.17706354281755246,0.17784973866779127,0.16714013854913534,0.21667387101461388,0.026853600972422068,0.139640773855778,4.889679946507616e+25,0.2640439803807571,LGBMRegressor
hotel_42,2023-06-02,rmse,0.24862552221664025,0.47207923633148635,0.24722061425343003,0.3233033881703718,0.23529249651935938,0.03569233238772454,0.2502471803741922,inf,0.20029614309463808,LGBMRegressor
hotel_49,2023-06-02,rmse,0.08098809682699913,0.11062967182317282,0.07570895396600429,0.04304147676407261,0.06632085453485785,0.04955335190894725,0.04846458032664488,1.2303533869524675e+18,0.0568728399994373,AutoETS
hotel_56,2023-06-02,rmse,0.08339283589952484,0.16859009178364856,0.0835751394764668,0.10302429777754674,0.08678565452464722,0.06763053721464594,0.06900538135595953,inf,0.08094554252246355,LGBMRegressor
hotel_63,2023-06-02,rmse,0.15472339773284605,0.2001762891483739,0.1529956260550671,0.17964629720897174,0.1354338763872638,0.038981967733220844,0.1254432791956722,1.0907116221999506e+28,0.09619400843502705,LGBMRegressor
hotel_7,2023-06-02,rmse,0.3267296580421097,0.24723247353778832,0.33790455700805283,0.2275891412431112,0.14101603252513584,0.030127834105395938,0.22621450174434102,inf,0.1586903067645748,LGBMRegressor
hotel_70,2023-06-02,rmse,0.11083010623375823,0.218625220377262,0.11437338740742656,0.14021438308047118,0.06730854126872174,0.04519302586839486,0.13722952978544303,inf,0.16649952305778182,LGBMRegressor
hotel_84,2023-06-02,rmse,0.11528627835764188,0.18062814029257007,0.12035516717998003,0.1432022483815367,0.12264769410620392,0.03461602503018825,0.21424329232624442,inf,0.11024417144976047,LGBMRegressor
hotel_91,2023-06-02,rmse,0.1035250785145142,0.17883229813468507,0.11487940025354008,0.0732759527142889,0.09154205774291367,0.056032598308057985,0.1101175102004542,234139233029.664,0.06198009032604052,LGBMRegressor
hotel_98,2023-06-02,rmse,0.14356844990020937,0.13736758290030282,0.14827840430212527,0.14530917929081733,0.13354433688949816,0.015702466084388772,0.17132177285504044,inf,0.14018459269048789,LGBMRegressor
hotel_0,2023-02-10,mape,0.22170275258138536,0.20104204021705838,0.2313194458068293,0.22857917662451221,0.13999432835612483,0.04484138266534031,0.23836171028377415,36490026784552.12,0.1534921267433055,LGBMRegressor
hotel_105,2023-02-10,mape,0.31180506322411145,0.13292650126829259,0.3188664987844451,0.11405556830138398,0.12906018015474147,0.05107595633753268,0.3905242526907219,2141803.6734820423,0.14015594578712312,LGBMRegressor
hotel_112,2023-02-10,mape,0.15859322272427298,0.1374274806316518,0.16747851478323386,0.13182813954536063,0.1046916932038097,0.06045983634625533,0.13562635321106295,inf,0.1012707763866918,LGBMRegressor
hotel_126,2023-02-10,mape,0.13636938970124954,0.1486236516832776,0.13789596500790027,0.13149725327094042,0.12911900929263073,0.06616682415582423,0.1380521577231124,inf,0.1302277748417205,LGBMRegressor
hotel_133,2023-02-10,mape,0.24393878924737114,0.25828371687597995,0.24475005602392455,0.22073995601217722,0.2263042589733315,0.0866382991850885,0.251130210787424,7.746652361259842e+20,0.2074488700642321,LGBMRegressor
hotel_14,2023-02-10,mape,0.161573479089428,0.1260432689310573,0.15987210417396616,0.12517004039041243,0.13979771444260308,0.083431472304096,0.16298665952585897,6.401737652852751e+34,0.12423769403320388,LGBMRegressor
hotel_21,2023-02-10,mape,0.014492007184796618,0.014656764435645385,0.014797655043141067,0.01781997824640658,0.05266588061227244,0.011532546236898112,0.067744023639262,inf,0.015116809471900087,LGBMRegressor
hotel_28,2023-02-10,mape,,,,,,,,,,
hotel_35,2023-02-10,mape,0.23422983666674796,0.2507939354653271,0.2220090474572319,0.19056232004156468,0.15093520217070838,0.04693234805682491,0.22808094828618136,inf,0.2842692417217577,LGBMRegressor
hotel_42,2023-02-10,mape,0.3582363910507161,0.40033711635887353,0.35822885734821364,0.41111944998971406,0.3624938338058546,0.04929722058374143,0.3741887459897579,inf,0.38367641864782165,LGBMRegressor
hotel_49,2023-02-10,mape,0.19625152378928187,0.18985706512937944,0.19625152378928187,0.13422810901970095,0.14357392523858262,0.0686850746398966,0.10838448392937801,inf,0.17265488693037498,LGBMRegressor
hotel_56,2023-02-10,mape,0.07463303565063573,0.03036522551078372,0.07669973897109304,0.05273122161899111,0.06081014670710165,0.03017451507979956,0.04521057607519172,inf,0.042154421860848355,LGBMRegressor
hotel_63,2023-02-10,mape,0.3746447383667652,0.3681513085463296,0.38027088010702664,0.3141864383614173,0.33821559777815846,0.06336865985718122,0.3155471631343138,3.147153349064944e+30,0.29486722747319977,LGBMRegressor
hotel_7,2023-02-10,mape,0.1268946187122022,0.12542802720345117,0.12690575931284107,0.1513405405133514,0.1271733152777812,0.04574223883306513,0.16524539584912776,inf,0.11368897522497363,LGBMRegressor
hotel_70,2023-02-10,mape,0.16351692230398268,0.2131434585906449,0.15895809913241485,0.1750380365449388,0.12202614202178245,0.07634447518621558,0.4583096448640935,inf,0.15397382527598472,LGBMRegressor
hotel_84,2023-02-10,mape,0.4624488074794031,0.30660857666786384,0.46811682030523816,0.33781272323967393,0.3378582809624082,0.052257137726208096,0.31695259472732434,inf,0.3674946943844927,LGBMRegressor
hotel_91,2023-02-10,mape,0.24741668175735865,0.22948169910290553,0.24034634494904578,0.1701503034554316,0.1833609588485566,0.09469618204848924,0.2984788179755481,inf,0.19623691119461592,LGBMRegressor
hotel_98,2023-02-10,mape,0.45984486889808246,0.5330292398592132,0.5065360108584469,0.6655500835452165,0.4486081257911044,0.09502472243126715,0.6139578300110323,inf,0.5423481811900013,LGBMRegressor
hotel_0,2023-03-10,mape,0.16439474964444736,0.14189556846640586,0.16483852804036392,0.13302082819250388,0.13301461243162138,0.04915032362211674,0.12778107961972224,inf,0.13251572450042018,LGBMRegressor
hotel_105,2023-03-10,mape,0.142434951632412,0.12859902812894689,0.14248707862577378,0.15192355377289818,0.13940766416760608,0.04799373494386622,0.1456240703163596,5.7224042318122195e+17,0.13813928030739306,LGBMRegressor
hotel_112,2023-03-10,mape,0.11421606930561394,0.11815594329131858,0.11852977119668089,0.1158194101083925,0.11297761711204195,0.07958556434902035,0.11184033067272993,8774483835338.338,0.11678852709807837,LGBMRegressor
hotel_126,2023-03-10,mape,0.007504598886462233,0.010949698373975763,0.007579135513872138,0.06082176104277609,0.03358740909480078,0.021558938579877042,0.033909639506625545,291464506.33520544,0.023503997732530958,Naive
hotel_133,2023-03-10,mape,0.09793510583619625,0.10221412499095184,0.0928361636321087,0.1314950389723623,0.20753425495948571,0.03282149711083355,0.30816054749310523,5200.9493985418985,0.13034215366191126,LGBMRegressor
hotel_14,2023-03-10,mape,0.25843255380833513,0.11957283684918218,0.27293756149489495,0.14222731355757195,0.11249857543080988,0.06516442041932675,0.14429016972122052,inf,0.13319445943845637,LGBMRegressor
hotel_21,2023-03-10,mape,0.013137525348248138,0.02661897197412238,0.013117392347461355,0.019600067741714005,0.026218535464757293,0.01492399520701986,0.017444976990928517,inf,0.012315011992911195,Chronos
hotel_28,2023-03-10,mape,1.0,1.0,2.4861431870669746,1.4848621259973664,1.0427263791355408,2.0517550223747327,1.2286927332170308,91.0,1.5319803953170776,Naive
hotel_35,2023-03-10,mape,0.21800442085716268,0.1879199657762969,0.21414837988645946,0.20129459479772494,0.23261899163399202,0.061091576402154645,0.195727597185755,inf,0.2092312072255161,LGBMRegressor
hotel_42,2023-03-10,mape,0.446968675475863,0.5090282714280188,0.45410898507151704,0.3213451893481697,0.4598503126024193,0.04787761004276503,0.45872645880995017,inf,0.47985568446323984,LGBMRegressor
hotel_49,2023-03-10,mape,0.048251637866243605,0.028688611064829485,0.05680917367569153,0.10018704240394224,0.027641698948314107,0.030243129298540415,0.05451855518690462,inf,0.020911316222658852,Chronos
hotel_56,2023-03-10,mape,0.011193073975304188,0.011628875169349073,0.011193073975304188,0.03678949401110539,0.047639881800679296,0.02035720889021801,0.021315332987490367,inf,0.01767572356287146,Naive
hotel_63,2023-03-10,mape,0.297462399181175,0.27670135398689694,0.31323670774227413,0.1898722440754051,0.19778478269857483,0.07267391657062162,0.2728097178458563,513.0547701190341,0.1678981511282725,LGBMRegressor
hotel_7,2023-03-10,mape,0.8528925744380691,0.5690906317781901,0.8778057158876515,0.5796939743935022,0.49259075844952827,0.07712870797023265,0.6389022476357099,inf,0.4664750987568515,LGBMRegressor
hotel_70,2023-03-10,mape,0.13879198756572547,0.1546922909176776,0.14996795622719597,0.270442608818307,0.1856348813051052,0.07816180974294115,0.1733207940395368,inf,0.12101359384331477,LGBMRegressor
hotel_84,2023-03-10,mape,0.37670900450858025,0.24173103510101715,0.39399751460776783,0.1976375794042769,0.20151180079357983,0.05909827865061617,0.2664547189533606,inf,0.18935960801896354,LGBMRegressor
hotel_91,2023-03-10,mape,0.21522557855058513,0.2478831465911974,0.2108664418651905,0.22398552719786732,0.21376852296448726,0.0744408561769033,0.23557331981983887,inf,0.18112535627793383,LGBMRegressor
hotel_98,2023-03-10,mape,1.1457434986534554,0.3180718158994056,1.1243438080870247,0.705014226171067,0.3355582894745632,0.10732997318313532,0.8371590735372331,inf,0.274288132864274,LGBMRegressor
hotel_0,2023-04-07,mape,0.6361470773167248,0.6696047119352662,0.6355837702922432,0.5261415844774366,0.5790904696751538,0.09718965602815821,0.5025749292044843,7301684871681745.0,0.547140799738595,LGBMRegressor
hotel_105,2023-04-07,mape,0.24029507290402327,0.11449520593608518,0.24583872230241285,0.10839278118606609,0.11189302393113311,0.05852727378949903,0.09478377324639897,inf,0.1164680763428848,LGBMRegressor
hotel_112,2023-04-07,mape,0.18912294811626068,0.12720057931058387,0.19145289247893166,0.12365193085274437,0.09352853790266794,0.1123998111179367,0.08892714019750135,2.5170758512253387e+25,0.11889572206354866,AutoNBEATS
hotel_126,2023-04-07,mape,0.03160313900906641,0.03431581852617256,0.031554284003723704,0.03912437508271372,0.042960709310065244,0.04989216754074669,0.03802689097122634,inf,0.03079569091037324,Chronos
hotel_133,2023-04-07,mape,0.1597895882150373,0.14732537258854395,0.17321999670855523,0.12500686846459655,0.1353230230079818,0.04781215522497225,0.10226944891074242,31593916.136062857,0.1127545035093699,LGBMRegressor
hotel_14,2023-04-07,mape,0.12604573896858876,0.08873218230038818,0.12363644266634236,0.09856591977803382,0.09339119500743584,0.08961197371639462,0.08482322307051961,2.664264460470894e+24,0.08125199960516653,Chronos
hotel_21,2023-04-07,mape,0.04108402362222578,0.041346677214780365,0.041418333447903445,0.035289832457048496,0.0342295556966231,0.02797094611990785,0.039450754184179225,inf,0.037489239442021795,LGBMRegressor
hotel_28,2023-04-07,mape,,,,,,,,,,
hotel_35,2023-04-07,mape,0.3253280533080565,0.3141097158303365,0.3168942807729857,0.2842740850874679,0.4780651158855437,0.04988169811326688,0.2382143394933501,inf,0.25930010588530383,LGBMRegressor
hotel_42,2023-04-07,mape,0.49155485621412465,0.4948027359625599,0.49155485621412465,0.4487026612626237,0.5167749150209937,0.04381706051756567,0.5107433586136011,2886059962752.0444,0.4198539609783358,LGBMRegressor
hotel_49,2023-04-07,mape,0.16264578948746872,0.15816364205202432,0.15511996388339672,0.11644443815320882,0.17060008931377532,0.04060753417744239,0.17272345012749382,inf,0.16595232151641862,LGBMRegressor
hotel_56,2023-04-07,mape,0.04806590252392438,0.04492148101041677,0.04817376042358839,0.05008005739388035,0.06059822143081871,0.03773537369727202,0.04441998845259008,inf,0.044887055692273754,LGBMRegressor
hotel_63,2023-04-07,mape,0.38115177321160865,0.26956372857964295,0.3879295618479212,0.20605009727169105,0.3039507035103813,0.061430753012470675,0.2772588949828976,34469.25203373234,0.2574716260484786,LGBMRegressor
hotel_7,2023-04-07,mape,0.5188215008137609,0.3270110082341579,0.5206400599996451,0.3757153160859369,0.39348737012000695,0.05418701053482965,0.3397998580769062,inf,0.35250245489700793,LGBMRegressor
hotel_70,2023-04-07,mape,0.2159995675188155,0.39002255102588695,0.20513779738809332,0.2342206569344259,0.18098384267019305,0.08692073793052223,0.20834655061541743,inf,0.22591560548389947,LGBMRegressor
hotel_84,2023-04-07,mape,0.22427973678563878,0.26993235674469673,0.22225806979053322,0.21287371215867612,0.20801842681391344,0.06893977650339025,0.3079597577138875,inf,0.2006882887599275,LGBMRegressor
hotel_91,2023-04-07,mape,0.5028968622030793,0.35486843318673683,0.5330434544048038,0.44878197327839314,0.36346923893482225,0.09164507139116695,0.39442014080830595,inf,0.34319694239665005,LGBMRegressor
hotel_98,2023-04-07,mape,1.6407466621156146,0.6708126040329594,1.6166389123850045,1.0649928101269115,0.5484617857827034,0.08938138249111124,1.3345877633792314,inf,0.43054641045530645,LGBMRegressor
hotel_0,2023-05-05,mape,0.5283547081290518,0.3429710839183072,0.5232343132318008,0.3350478588119115,0.3669325481359477,0.06424892442094042,0.3632164008716131,15373309462.096125,0.4074707015998146,LGBMRegressor
hotel_105,2023-05-05,mape,0.08800326371927973,0.17942638241154377,0.08589241082397552,0.14210414077721806,0.1250555335928192,0.05134221433444241,0.1427931637659595,13073184475625.834,0.09730368103225066,LGBMRegressor
hotel_112,2023-05-05,mape,0.21170551611822222,0.12632197147036622,0.21211579077664297,0.13742447029445592,0.11529614765678099,0.06411669662412074,0.13549752078640775,inf,0.09701473097518162,LGBMRegressor
hotel_126,2023-05-05,mape,0.025006355400871132,0.027840461044994054,0.025006355400871132,0.042002162277605115,0.02764156710567398,0.04444710715843928,0.04495621729316658,inf,0.024592656480103538,Chronos
hotel_133,2023-05-05,mape,0.12743175816287233,0.10685528770870403,0.13913630275201577,0.0723627292334419,0.05538337741664125,0.03489087394954934,0.059721301091611924,inf,0.05244807921078616,LGBMRegressor
hotel_14,2023-05-05,mape,0.5058749149887796,0.3679902701461608,0.5224712056409992,0.31972727733069994,0.30663398167635647,0.0704969444581513,0.4201166044267353,inf,0.20775839696473133,LGBMRegressor
hotel_21,2023-05-05,mape,0.07607673947252136,0.06040609355297124,0.07607673947252136,0.07322627753072906,0.06866561517179931,0.0254066156663393,0.0770296034648386,inf,0.07073006034053955,LGBMRegressor
hotel_28,2023-05-05,mape,,,,,,,,,,
hotel_35,2023-05-05,mape,0.13187069293827328,0.24509508993734846,0.1418300284721372,0.13637319006712686,0.11285913673812997,0.04317900150537073,0.11272203563659695,inf,0.105567185916819,LGBMRegressor
hotel_42,2023-05-05,mape,0.8070984029906926,0.5670759299903428,0.8346477456686993,0.6610315301978523,0.4639660423207375,0.033497501063868625,0.639651701613982,2.1188870730531016e+34,0.4613302321254235,LGBMRegressor
hotel_49,2023-05-05,mape,0.21902009118349547,0.16714168076106678,0.2083900522149731,0.16091024265152773,0.1693449529207154,0.09845566211142706,0.1878163415276754,2.3018279980307395e+20,0.1997465899712807,LGBMRegressor
hotel_56,2023-05-05,mape,0.15663026335193453,0.13057638223633627,0.15642710239551585,0.13583753625902156,0.12442217035811229,0.08621519109453578,0.14003581426615563,inf,0.1490855361138936,LGBMRegressor
hotel_63,2023-05-05,mape,0.29142511507386487,0.20289894176690706,0.2969007838709337,0.18189678078736163,0.21331912987335278,0.06945161562508165,0.22027300731759095,25021.07655951891,0.1989331953288361,LGBMRegressor
hotel_7,2023-05-05,mape,0.31488858639582823,0.19346168149657492,0.32473228531642995,0.16282681350748812,0.1996285640700274,0.06223688792138842,0.19702948387993793,inf,0.216136782037511,LGBMRegressor
hotel_70,2023-05-05,mape,0.1761992934059826,0.2785830581147201,0.18835203386542462,0.22814014062569857,0.32516421308216353,0.10127056960909012,0.2288548667821587,inf,0.2281477278321545,LGBMRegressor
hotel_84,2023-05-05,mape,0.10979652632217143,0.1640274851781581,0.11582958218595395,0.14369365396708392,0.11821906176593613,0.03545987865474772,0.11542057420330012,inf,0.1285944011700967,LGBMRegressor
hotel_91,2023-05-05,mape,0.08463580032316624,0.2783791659165415,0.10027966602823048,0.08025816051386159,0.1869196528557924,0.05020277267760738,0.1547575886857608,inf,0.17997933038953276,LGBMRegressor
hotel_98,2023-05-05,mape,1.356396885781447,1.5592403680395015,1.2890866387203255,0.6919683864372911,0.8148019808780305,0.10035198252062243,1.5280332453293093,inf,0.530893745730409,LGBMRegressor
hotel_0,2023-06-02,mape,0.15485232093801843,0.4154426682794849,0.15769279741482337,0.2636905505839509,0.196005664901939,0.04906330147333332,0.17408043069458576,358379907317758.4,0.13214577915293182,LGBMRegressor
hotel_105,2023-06-02,mape,0.0516933654398048,0.055091467747823586,0.047538518450575495,0.08013102395420076,0.07987496459292667,0.0366941875950016,0.07713543904423868,inf,0.0573371410201099,LGBMRegressor
hotel_112,2023-06-02,mape,0.13956099134250016,0.1596537436001604,0.13881093780121007,0.10366192690584417,0.10736019765744258,0.09356810146229101,0.10674185702124768,3.5132569083085052e+16,0.10983531981240792,LGBMRegressor
hotel_126,2023-06-02,mape,0.007819166715984658,0.043953035423452136,0.008014441849483096,0.05700830633628786,0.022525147651384716,0.02894940116217157,0.011508218740755196,inf,0.017833914269390915,Naive
hotel_133,2023-06-02,mape,0.05007461169007826,0.06872069350734562,0.0562762728624694,0.056191855231958694,0.06650999357703023,0.029103818162895097,0.06374983939816621,inf,0.052609078436868704,LGBMRegressor
hotel_14,2023-06-02,mape,0.1587427887224518,0.21605489174753187,0.15903441152005166,0.18792708140937556,0.16859157402508676,0.07413512018813433,0.24428834237867733,6.955678559890235e+25,0.14196641794033088,LGBMRegressor
hotel_21,2023-06-02,mape,0.02275471235543128,0.10049309859731718,0.022882347594469048,0.02774784198869892,0.03744465198196004,0.016033077337888422,0.029031082263446112,inf,0.03001497486715012,LGBMRegressor
hotel_28,2023-06-02,mape,1.0,1.0,3.5435864179539487,0.5492766300149774,1.0028037992756431,2.358372547933575,1.056763929364667,inf,1.2660711488631218,AutoETS
hotel_35,2023-06-02,mape,0.1964309621308399,0.18920468415657624,0.18615855480456095,0.18222275693133777,0.23723560268640767,0.03044768653270278,0.1733354844043236,1.5284690210244058e+25,0.29195964305614547,LGBMRegressor
hotel_42,2023-06-02,mape,0.29910235531607804,0.6488243572528584,0.29805654088691214,0.37233255755799116,0.2945331277007555,0.045602755276250684,0.2680695400731438,inf,0.2797797383324345,LGBMRegressor
hotel_49,2023-06-02,mape,0.10611590837397981,0.1368118658535249,0.09646100719894624,0.05546177283730882,0.08502333349994386,0.06567719567624875,0.05950529207609071,4.7952013747585184e+17,0.06831634333911343,AutoETS
hotel_56,2023-06-02,mape,0.07360684436044962,0.14118135925410602,0.07433259576350447,0.08964568924859637,0.0801660649508487,0.05640512022685029,0.05669426732595665,inf,0.07233331754942347,LGBMRegressor
hotel_63,2023-06-02,mape,0.17029023694410947,0.2260031375047307,0.16891655282049353,0.19017032012625132,0.15520476450275011,0.042280355970029035,0.12963467569157805,8.06124655332524e+27,0.11472072737932251,LGBMRegressor
hotel_7,2023-06-02,mape,0.7162115728219334,0.5142621267622428,0.7411106398182613,0.4644745697056592,0.28153457289757916,0.05128497764688087,0.47497676110965736,inf,0.3069836102443513,LGBMRegressor
hotel_70,2023-06-02,mape,0.1281500317708031,0.2882434121008404,0.1313943711946932,0.17430589937053131,0.09130289078696432,0.05025051577153084,0.171841879702831,inf,0.21530079159161478,LGBMRegressor
hotel_84,2023-06-02,mape,0.1089343604186969,0.16392455633139116,0.11302621086833049,0.13134115285914896,0.1163390664612468,0.03030079166316908,0.2309314126661784,inf,0.10294957993485175,LGBMRegressor
hotel_91,2023-06-02,mape,0.0937567868288671,0.15233598008597446,0.10318010525110873,0.0725339736319474,0.07918436511556061,0.05359308991407134,0.0963850390425806,64784049246.81121,0.05772264454131864,LGBMRegressor
hotel_98,2023-06-02,mape,0.8255666878911924,0.410355189268584,0.7663845089350365,0.5798998047967682,0.5578731511625854,0.11589533751821557,0.7285195003843347,inf,0.3943435234421933,LGBMRegressor
hotel_0,2023-02-10,mase,1.4026434558349454,1.2188910380399742,1.4642118585380997,1.4517269952505747,0.8377142512007993,0.2693781596475555,1.5072999153019613,170548198321479.28,0.9201627124381939,LGBMRegressor
hotel_105,2023-02-10,mase,1.752264044148861,0.9134356869958964,1.7975711313407647,0.753637749286431,0.8197631993593235,0.3104988706071183,2.654496273618638,14025661.840832403,0.8739973117286524,LGBMRegressor
hotel_112,2023-02-10,mase,1.1286099766627775,0.9914308634772463,1.1963527486062495,0.9304914844800358,0.7420993814984093,0.45048503771942827,0.954261013340366,inf,0.7197319600239936,LGBMRegressor
hotel_126,2023-02-10,mase,1.199484646768306,1.288222031350655,1.218365423615585,1.2264774970634518,1.1762502314197305,0.6514337409958555,1.2125172063817096,inf,1.1334618775644782,LGBMRegressor
hotel_133,2023-02-10,mase,1.4151270207852193,1.3587099967007588,1.4214420127815046,1.3016463840922192,1.1851680164780252,0.4567249117839539,1.4901064334579208,4.091815885006701e+21,1.0125970348681368,LGBMRegressor
hotel_14,2023-02-10,mase,1.0894403379091868,0.9449841605068636,1.0701795142555437,0.8801280772010496,0.9968743473109388,0.5929790153883708,1.2007902866872588,4.393381472081003e+35,0.8393956342493719,LGBMRegressor
hotel_21,2023-02-10,mase,0.2356763142350853,0.2412876550502067,0.2409135656625316,0.2949898182918112,0.881638959518018,0.18591415187281382,1.1321784091714002,inf,0.24703437938397252,LGBMRegressor
hotel_28,2023-02-10,mase,0.0,0.0,0.3377676936549638,0.22212821843743408,0.029557625054261,0.1344279330629184,0.4180082061094385,inf,0.020519405041100846,Naive
hotel_35,2023-02-10,mase,2.673273992071209,2.773468471837834,2.5399655920412894,2.179523287781307,1.7470263015949357,0.5147295615920694,2.603623229195216,inf,3.23474874816753,LGBMRegressor
hotel_42,2023-02-10,mase,0.977019941209184,1.0483435290378962,0.9784679372309466,1.1138028299585923,0.8259865372448024,0.10383887516379914,1.0220135608132326,inf,0.818852783472667,LGBMRegressor
hotel_49,2023-02-10,mase,2.180327868852459,2.108772707133363,2.180327868852459,1.4901172026766973,1.5960121617458054,0.7656799484492776,1.2063202577509815,inf,1.9185669178462526,LGBMRegressor
hotel_56,2023-02-10,mase,0.9552197802197798,0.37582417582417565,0.9828846153846152,0.6798934979017385,0.7753331622913682,0.38501689243559456,0.5731837769131084,inf,0.5181379372601981,SeasonalNaive
hotel_63,2023-02-10,mase,1.0705722506393864,1.3147538363171356,1.0794630340058733,1.0581972576765704,1.086743782746231,0.2684643521197614,1.4124873370056035,1.5117602469892736e+31,1.056953433891544,LGBMRegressor
hotel_7,2023-02-10,mase,0.7643372820173878,0.8628679648177336,0.7576183051728328,1.0356255079322638,0.8717885360304343,0.3117526856827632,1.1235385141295893,inf,0.7829486557247802,LGBMRegressor
hotel_70,2023-02-10,mase,0.398334054521852,0.6597793163132842,0.3929930926166322,0.5447099147266162,0.3221377128866688,0.2274385042501706,1.4226628236482277,inf,0.4653842830699226,LGBMRegressor
hotel_84,2023-02-10,mase,1.4718611236244288,1.3122948709698177,1.4782555481667394,1.3355262577780993,1.4834861358841163,0.21335235230666189,1.351354835052826,inf,1.5886014885215103,LGBMRegressor
hotel_91,2023-02-10,mase,1.2356198489010985,0.9713684752747251,1.2023437499999996,0.8511929475184646,0.7919517347657993,0.4274787109127453,1.428645060917076,inf,0.8409522971711479,LGBMRegressor
hotel_98,2023-02-10,mase,1.7578336034575903,1.9477309562398704,1.8902485143165852,2.271736442360354,1.649936131494907,0.2827648643360745,2.0274255980452223,inf,1.9023799622368003,LGBMRegressor
hotel_0,2023-03-10,mase,0.6747247247247247,0.6686186186186185,0.6773758747199855,0.6269379019791197,0.5704307774038662,0.28518550206936066,0.584175442981052,inf,0.5842139123736676,LGBMRegressor
hotel_105,2023-03-10,mase,0.9358409986859395,0.9679040735873851,0.9359520716936812,1.1543710069301498,1.031065867540314,0.3398685824759797,1.0355203138916471,4.776691546542285e+18,0.9503462463029895,LGBMRegressor
hotel_112,2023-03-10,mase,0.8526390967215345,0.927322813222691,0.8798333984190303,0.9218110822583069,0.913615316594591,0.6431831073919795,0.9464465327334881,60117129976655.69,0.9067691029245197,LGBMRegressor
hotel_126,2023-03-10,mase,0.0758561316242586,0.11086665391237795,0.07662426086614575,0.619174217070857,0.3419485047166989,0.22045172408508767,0.345469306168751,2974799678.174976,0.23990273545349175,Naive
hotel_133,2023-03-10,mase,0.7218666269723134,0.7672670437630245,0.6813522596560756,0.9759939516446032,1.536792307143206,0.23532307038089167,2.2876182147552653,37879.046437055134,0.9668861811281351,LGBMRegressor
hotel_14,2023-03-10,mase,1.4274430926216644,0.6972625588697019,1.5172332101254076,0.7934777747116951,0.6306538916111026,0.419834547100048,0.8944683801295057,inf,0.7389058054218673,LGBMRegressor
hotel_21,2023-03-10,mase,0.2274796590468809,0.4638221619527311,0.22716580930283722,0.3420297629692173,0.46350715255629965,0.2625189801447194,0.30311215037017425,inf,0.21444772202947338,Chronos
hotel_28,2023-03-10,mase,0.010926677812276095,0.010926677812276095,0.349022819449401,0.13330901862301678,0.018837740056856445,0.1281444222114479,0.05375939633650339,inf,0.07518739009319184,Naive
hotel_35,2023-03-10,mase,2.3974112973810002,1.8984211943715075,2.328793578143559,2.092626512854039,2.65231131144872,0.5982570557096307,2.124295064594451,inf,2.2770042442548304,LGBMRegressor
hotel_42,2023-03-10,mase,1.2930402245088866,1.0191393826005612,1.3124125415607168,0.9299839155502148,0.935764829622374,0.11705579737348965,1.1056736266744036,inf,0.8965169027015579,LGBMRegressor
hotel_49,2023-03-10,mase,0.5483291032148897,0.32469684151156236,0.6451079608289075,1.136583826996193,0.31099543929991147,0.34176154150428323,0.6156783888712148,inf,0.236878598036399,Chronos
hotel_56,2023-03-10,mase,0.1385622661678247,0.15486370924639226,0.1385622661678247,0.5005463363154855,0.6464537779546202,0.27045633131712626,0.2849438832380885,inf,0.22957762739736087,Naive
hotel_63,2023-03-10,mase,1.0332653061224488,1.202215743440233,1.1005785118402356,0.7179654438599253,0.8739510719707045,0.3403391424398775,1.2147068091766478,2344.082850065817,0.6872790932629268,LGBMRegressor
hotel_7,2023-03-10,mase,3.0061387204069647,2.1483075719037372,3.1103532750762173,2.153166314118387,1.8256604159987209,0.3384429901201207,2.3534791692573886,inf,1.7244637402452747,LGBMRegressor
hotel_70,2023-03-10,mase,0.39928860077454126,0.44037295841050683,0.4452890860779745,0.8573557543812601,0.5962763814099895,0.2341459321337666,0.5559999869603525,inf,0.34021352371506713,LGBMRegressor
hotel_84,2023-03-10,mase,1.5259440598795657,1.0144352524058753,1.6057223721880118,0.8441756462705592,0.8835250965672916,0.2893453457039068,1.1214654123313827,inf,0.8497524974238014,LGBMRegressor
hotel_91,2023-03-10,mase,1.0760102629890955,1.2716484926234768,1.0457608877604079,1.1466602242344146,1.082963249610986,0.3445405744773644,1.1379529871763405,inf,0.8763045649581265,LGBMRegressor
hotel_98,2023-03-10,mase,1.808330553702468,0.679077718478986,1.777316806277318,1.1408276136514315,0.6087168105339864,0.22353424378735062,1.3490673552569823,inf,0.6125492733655332,LGBMRegressor
hotel_0,2023-04-07,mase,2.2753074739829704,2.4105960264900657,2.2727996601522333,1.9110894327963435,2.1257737416206006,0.40975410459562567,1.7387227450154703,3.748505080538514e+16,1.934809813520879,LGBMRegressor
hotel_105,2023-04-07,mase,1.4692585895117543,0.8110307414104884,1.5047502677174003,0.7137374240667104,0.7403416601137204,0.41600293078259026,0.7200036453079791,inf,0.7459356013624837,LGBMRegressor
hotel_112,2023-04-07,mase,1.5075825156110616,0.9898687396457245,1.525461047744181,0.9902507015742723,0.6864190237489949,0.8447680511567076,0.6959343102383312,1.7024702184247648e+26,0.8346859075255313,AutoARIMA
hotel_126,2023-04-07,mase,0.30698215302828924,0.3347493829504461,0.3065002922053452,0.4011371692202251,0.42485802742649026,0.5018095624193132,0.39414948830319163,inf,0.29869133451303165,Chronos
hotel_133,2023-04-07,mase,0.9501289767841788,0.8849240470048725,1.0403692049820041,0.7861215682000564,0.8197794771424737,0.3193955856645767,0.6854373901040343,201805550.86772376,0.7065638518198474,LGBMRegressor
hotel_14,2023-04-07,mase,0.8869158878504677,0.6378504672897197,0.8669917083949971,0.7179979011283877,0.6690617344630182,0.631316303663893,0.5869142796113113,1.7213215825722205e+25,0.5957357113049411,AutoNBEATS
hotel_21,2023-04-07,mase,0.6985923530530724,0.6985923530530718,0.7054316999913763,0.6054851682172132,0.5668548984033209,0.49596303772658934,0.6687839679308032,inf,0.6271919093931132,LGBMRegressor
hotel_28,2023-04-07,mase,0.0,0.0,0.33790047765799114,0.1094261092720944,0.0048660431611549605,0.038746964398312364,0.002362501988109648,inf,0.1168185323938788,Naive
hotel_35,2023-04-07,mase,3.551727726894255,3.217333769477816,3.464079973382372,3.1282166907918385,5.149384024081206,0.48600491947531693,2.640644637046933,inf,2.848591820952923,LGBMRegressor
hotel_42,2023-04-07,mase,1.1929102264401101,1.0239524091971668,1.1929102264401101,1.084017944574463,0.9419375632039191,0.10430436440905734,1.3826263890707335,2889818077408.2944,0.6895603480436918,LGBMRegressor
hotel_49,2023-04-07,mase,1.4787115625434821,1.4334910254626414,1.4030431844433513,1.0559918521987426,1.5592439313859618,0.41041602428753043,1.5910972964577872,inf,1.5117729859535731,LGBMRegressor
hotel_56,2023-04-07,mase,0.5866271409749675,0.5352437417654811,0.5885962806409853,0.6507996197995918,0.7889923079372402,0.5098721076592823,0.5343073224832889,inf,0.5364563666156473,LGBMRegressor
hotel_63,2023-04-07,mase,1.1331276054355477,0.8164149206864815,1.1486617175942448,0.615017066772527,0.9349614593317834,0.2003975306365423,0.8247602977284973,118146.07306360992,0.7509161482028779,LGBMRegressor
hotel_7,2023-04-07,mase,2.1281314076847644,2.07163234376393,2.1212681808310405,1.980364625122582,1.990193268260321,0.30361472117732147,1.7216839684307805,inf,1.9079159042538356,LGBMRegressor
hotel_70,2023-04-07,mase,0.5943827563683867,0.9340300457217505,0.5906931903353826,0.7192590923097014,0.5576263671361819,0.22761018430532703,0.5545773080250237,inf,0.5718095582599035,LGBMRegressor
hotel_84,2023-04-07,mase,1.1831403000789682,1.2190708081073969,1.1679085259906852,1.1472493469332894,0.970805284257277,0.34349304772320477,1.6651853822891447,inf,0.8495418158376742,LGBMRegressor
hotel_91,2023-04-07,mase,1.6801960197516088,1.2182029028879249,1.8022584094132066,1.5576087951732958,1.2300229382841614,0.38672543787469327,1.318523277694837,inf,1.1660862244697954,LGBMRegressor
hotel_98,2023-04-07,mase,2.3099473516273132,1.148492342054882,2.2763962564387232,1.5884018945697802,0.9215368960519351,0.15816413412791083,1.9093902363907254,inf,0.786956068076046,LGBMRegressor
hotel_0,2023-05-05,mase,1.6004846806300845,1.1406439328371127,1.5848769873339486,1.0043521399760083,1.124974811640289,0.276905597006695,1.170766838234107,68113104380.65562,1.263501163913198,LGBMRegressor
hotel_105,2023-05-05,mase,0.6995646694924961,1.4781761942948788,0.6806516182220324,1.1925425340766451,1.0531598519489396,0.42674165216536064,1.1992966853912677,105933652384575.67,0.8089289945542901,LGBMRegressor
hotel_112,2023-05-05,mase,1.848952095808383,1.0845808383233533,1.852382535542412,1.2062682711997748,0.9997759089491958,0.5224341886165622,1.165676684408131,inf,0.8132966611485283,LGBMRegressor
hotel_126,2023-05-05,mase,0.2551395348837209,0.2904418604651163,0.2551395348837209,0.4509935811666601,0.2906799995495322,0.484185935245152,0.4809956588786703,inf,0.25316195131318514,Chronos
hotel_133,2023-05-05,mase,0.8484387952473061,0.7626416137054435,0.9355031471595895,0.49938200079540235,0.3957337825237029,0.24726339753055707,0.44373365120026054,inf,0.37530708672032564,LGBMRegressor
hotel_14,2023-05-05,mase,2.4878312601406165,1.8098972417522983,2.573035665108316,1.5612313328145822,1.4525300151243523,0.4017395491204183,2.057985257206252,inf,0.9860436119796007,LGBMRegressor
hotel_21,2023-05-05,mase,1.2193803379974557,1.0501090314373975,1.2193803379974557,1.1863817104695398,1.1255266963177668,0.45616863423529647,1.264280267028663,inf,1.148587112380833,LGBMRegressor
hotel_28,2023-05-05,mase,0.0,0.0,0.33815561723526943,0.08519407444956015,0.002103571466825383,0.022593419580054383,0.007143740566785661,inf,0.082214631259285,Naive
hotel_35,2023-05-05,mase,1.1441187325354565,2.0190330574155113,1.2105791751317514,1.1497451235624445,1.0307938463979935,0.35172112474142675,1.0261138249896717,inf,0.9453881511566553,LGBMRegressor
hotel_42,2023-05-05,mase,1.2256982137570316,0.9635349847034442,1.27542518855056,1.052281611619304,0.8480063380939581,0.0817220907870248,1.0000021907368666,5.783914470602142e+34,0.874157681693556,LGBMRegressor
hotel_49,2023-05-05,mase,1.7436498632278243,1.3706525986713565,1.6554711667629636,1.2910170127392222,1.338338798348177,0.869034770689402,1.4908020909047306,2.2037939872829247e+21,1.5868414171322478,LGBMRegressor
hotel_56,2023-05-05,mase,1.713576158940398,1.5729750382068266,1.711186083651854,1.5408870302017592,1.3950199497455784,1.142809812452629,1.5560402254395138,inf,1.6428354012984374,LGBMRegressor
hotel_63,2023-05-05,mase,0.9178783614759224,0.8082004377736084,0.9340272582173673,0.7460900656349111,0.816361690134037,0.2628585523117843,0.952411900294841,90661.50011838893,0.7515835256139288,LGBMRegressor
hotel_7,2023-05-05,mase,1.7724098501245562,1.1722138277453344,1.8318290085561866,1.0509310285538473,1.5364842348738836,0.4781231052998812,1.1619997194621263,inf,1.5567913411923222,LGBMRegressor
hotel_70,2023-05-05,mase,0.5978801515869258,1.0173495973472289,0.652390124181544,0.8391359733653522,1.2077686583799254,0.34558551319385644,0.8155679610358885,inf,0.8517155559819098,LGBMRegressor
hotel_84,2023-05-05,mase,0.5749159479608246,0.9682794913024414,0.6010150514954193,0.8402647327974383,0.684801734046894,0.1957772398719496,0.6808261228655884,inf,0.6887527270469378,LGBMRegressor
hotel_91,2023-05-05,mase,0.38258473985214125,1.6049309527130704,0.4648676946669668,0.39565664425152464,1.0578658879024057,0.2951068808141386,0.8531459823660247,inf,1.0348344814670953,LGBMRegressor
hotel_98,2023-05-05,mase,1.406951511523496,2.0162002394492666,1.3573369440470966,0.9462442065991292,1.0591477318220404,0.1484881496472419,1.6080519321952458,inf,0.8473585059510059,LGBMRegressor
hotel_0,2023-06-02,mase,0.7532218597063622,1.9262234910277325,0.7744132607179707,1.34819807048032,0.9913536479691881,0.2333731897622021,0.8566379192566307,1693424296347470.5,0.6430603471753259,LGBMRegressor
hotel_105,2023-06-02,mase,0.46517248956273327,0.49324324324324303,0.4276620820471364,0.7139618117225192,0.7184741171640237,0.3239519966508881,0.6946279228280412,inf,0.5147856645313914,LGBMRegressor
hotel_112,2023-06-02,mase,1.2150107746399004,1.2771067256436428,1.2082847141830153,0.8591721719199448,0.8651976459090776,0.7581071965887479,0.8798561437446081,2.5739352813649526e+17,0.8443140737510422,LGBMRegressor
hotel_126,2023-06-02,mase,0.0902224663553968,0.5146022155085599,0.09251050655095609,0.6692074759434506,0.26342227942042423,0.34027076675780593,0.13376342540754016,inf,0.20929142809701057,Naive
hotel_133,2023-06-02,mase,0.37125267665952894,0.5275695931477518,0.418079722000174,0.4404054190993456,0.5232982265637574,0.22117939511094634,0.4933478319638546,inf,0.41105857774280247,LGBMRegressor
hotel_14,2023-06-02,mase,0.933096785225718,1.3138252393980845,0.9352698239342515,1.1556218468128712,0.923101778547305,0.4270021406037146,1.48528185263327,4.305016343671951e+26,0.8487081868311569,LGBMRegressor
hotel_21,2023-06-02,mase,0.4060377038043478,1.844217051630435,0.40836384594966774,0.5046677965668046,0.6889857793854478,0.29032233792345646,0.530952567457343,inf,0.5529961946987264,LGBMRegressor
hotel_28,2023-06-02,mase,0.6311113761030289,0.6311113761030289,0.9694944969072061,0.6576136819408203,0.6316794930326255,0.4370612227533765,0.6395540968961788,inf,0.6820988237872034,LGBMRegressor
hotel_35,2023-06-02,mase,1.869372684965334,1.7844405926488747,1.7772693241269895,1.7152988930772404,2.235612731708007,0.26892913076476505,1.512976473513826,1.6449334304906654e+26,2.737462559954621,LGBMRegressor
hotel_42,2023-06-02,mase,0.8552570527097252,1.6625293862905222,0.8503040731678246,1.1313841051645896,0.7845824766159635,0.10902341417526726,0.8050781190932346,inf,0.6557966018442698,LGBMRegressor
hotel_49,2023-06-02,mase,0.9443810781606441,1.2949633809580987,0.8545994594171568,0.5077973771304419,0.8138442204840219,0.6082300911787337,0.5304529180989316,4.680452327565136e+18,0.6550934318019673,AutoETS
hotel_56,2023-06-02,mase,0.9293389395001167,1.8416257883672043,0.9406520286435002,1.2435507220357607,1.0424678298576668,0.7652813514078125,0.7685392340386312,inf,0.9263302279643659,LGBMRegressor
hotel_63,2023-06-02,mase,0.7468909478273794,0.9295446663033246,0.7390554856333408,0.8779210620462675,0.5990097487212032,0.18272314988882815,0.5818047959643408,2.6706211567152723e+28,0.44583497070075445,LGBMRegressor
hotel_7,2023-06-02,mase,3.5066071428571433,2.4774718045112785,3.6321444023501694,2.2359936987574147,1.3423251451240563,0.3063986653299489,2.3080611923056886,inf,1.4112765915327725,LGBMRegressor
hotel_70,2023-06-02,mase,0.7542814735880653,1.6349710762673164,0.7759159721839848,1.0281906397820133,0.4837052380678125,0.27748419073404273,1.0198531732822886,inf,1.2676178293833178,LGBMRegressor
hotel_84,2023-06-02,mase,0.5842861809866056,1.006743827880711,0.6020785882776472,0.800706216803558,0.7108385047120823,0.16330743092635747,1.2855246885814706,inf,0.5523832835107185,LGBMRegressor
hotel_91,2023-06-02,mase,0.46963333333333335,0.7957,0.5145817537072858,0.38147295037215717,0.4103522910878729,0.28418295324204834,0.5360469796061514,384442168040.8783,0.30787341422239933,LGBMRegressor
hotel_98,2023-06-02,mase,0.9391166758392957,0.7884562465602643,0.9264790730996425,0.9220257552899944,0.7886446381874361,0.11372455575340404,1.1112196789529707,inf,0.7770935602867479,LGBMRegressor
