unique_id,ds,Naive,SeasonalNaive,Drift,AutoETS,AutoARIMA
hotel_0,2023-07-01,0.8271604938271605,0.9506172839506173,0.8268886623626684,0.8542002171862775,0.8894995990534879
hotel_0,2023-07-02,0.8271604938271605,0.5061728395061729,0.8266168308981765,0.6258887772485338,0.6525592801429422
hotel_0,2023-07-03,0.8271604938271605,0.5802469135802469,0.8263449994336844,0.6466666000710888,0.6464262955626798
hotel_0,2023-07-04,0.8271604938271605,0.691358024691358,0.8260731679691924,0.6839896656640166,0.7191560445500734
hotel_0,2023-07-05,0.8271604938271605,0.654320987654321,0.8258013365047004,0.6812325870362248,0.7016716496331491
hotel_0,2023-07-06,0.8271604938271605,0.7160493827160493,0.8255295050402084,0.7182355754828911,0.7304071227372064
hotel_0,2023-07-07,0.8271604938271605,0.8271604938271605,0.8252576735757164,0.8220192023642633,0.7759894710696807
hotel_0,2023-07-08,0.8271604938271605,0.9506172839506173,0.8249858421112244,0.8542002171862775,0.8238722128073007
hotel_0,2023-07-09,0.8271604938271605,0.5061728395061729,0.8247140106467323,0.6258887772485338,0.6538732154285476
hotel_0,2023-07-10,0.8271604938271605,0.5802469135802469,0.8244421791822404,0.6466666000710888,0.666945845697229
hotel_0,2023-07-11,0.8271604938271605,0.691358024691358,0.8241703477177483,0.6839896656640166,0.7136211342470848
hotel_0,2023-07-12,0.8271604938271605,0.654320987654321,0.8238985162532563,0.6812325870362248,0.7001372858194339
hotel_0,2023-07-13,0.8271604938271605,0.7160493827160493,0.8236266847887643,0.7182355754828911,0.7222699280857443
hotel_0,2023-07-14,0.8271604938271605,0.8271604938271605,0.8233548533242723,0.8220192023642633,0.7601621404026678
hotel_0,2023-07-15,0.8271604938271605,0.9506172839506173,0.8230830218597803,0.8542002171862775,0.7887313318411449
hotel_0,2023-07-16,0.8271604938271605,0.5061728395061729,0.8228111903952883,0.6258887772485338,0.6839832894658016
hotel_0,2023-07-17,0.8271604938271605,0.5802469135802469,0.8225393589307962,0.6466666000710888,0.686991010373236
hotel_0,2023-07-18,0.8271604938271605,0.691358024691358,0.8222675274663043,0.6839896656640166,0.7173302995570762
hotel_0,2023-07-19,0.8271604938271605,0.654320987654321,0.8219956960018122,0.6812325870362248,0.7092908499467994
hotel_0,2023-07-20,0.8271604938271605,0.7160493827160493,0.8217238645373202,0.7182355754828911,0.7224877560458105
hotel_0,2023-07-21,0.8271604938271605,0.8271604938271605,0.8214520330728282,0.8220192023642633,0.7443358004916296
hotel_0,2023-07-22,0.8271604938271605,0.9506172839506173,0.8211802016083362,0.8542002171862775,0.7636046528836785
hotel_0,2023-07-23,0.8271604938271605,0.5061728395061729,0.8209083701438442,0.6258887772485338,0.6941036845451936
hotel_0,2023-07-24,0.8271604938271605,0.5802469135802469,0.8206365386793522,0.6466666000710888,0.6977937145414845
hotel_0,2023-07-25,0.8271604938271605,0.691358024691358,0.8203647072148601,0.6839896656640166,0.7173934246500844
hotel_0,2023-07-26,0.8271604938271605,0.654320987654321,0.8200928757503682,0.6812325870362248,0.7119688584980944
hotel_0,2023-07-27,0.8271604938271605,0.7160493827160493,0.8198210442858761,0.7182355754828911,0.720872887779435
hotel_0,2023-07-28,0.8271604938271605,0.8271604938271605,0.819549212821384,0.8220192023642633,0.7358726980163879
hotel_105,2023-07-01,1.0,0.9874213836477987,1.0003923605100686,1.0476449387846933,0.9858242225962766
hotel_105,2023-07-02,1.0,0.9937106918238994,1.0007847210201373,0.9616544656744862,0.9937180425997397
hotel_105,2023-07-03,1.0,1.0188679245283019,1.001177081530206,1.0073316004594441,1.0068732332877202
hotel_105,2023-07-04,1.0,1.0314465408805031,1.0015694420402748,1.0373367269875087,1.0099754377931087
hotel_105,2023-07-05,1.0,1.0440251572327044,1.0019618025503434,1.039713682926658,1.013415186349758
hotel_105,2023-07-06,1.0,1.0062893081761006,1.002354163060412,0.9883744022494184,1.011108367066726
hotel_105,2023-07-07,1.0,1.0,1.0027465235704807,1.0078429181655375,0.988456055769161
hotel_105,2023-07-08,1.0,0.9874213836477987,1.0031388840805493,1.0476449387846933,0.982561539715282
hotel_105,2023-07-09,1.0,0.9937106918238994,1.003531244590618,0.9616544656744862,0.9870102646398383
hotel_105,2023-07-10,1.0,1.0188679245283019,1.0039236051006866,1.0073316004594441,0.9989562391585967
hotel_105,2023-07-11,1.0,1.0314465408805031,1.0043159656107552,1.0373367269875087,1.0036422677279804
hotel_105,2023-07-12,1.0,1.0440251572327044,1.004708326120824,1.039713682926658,1.0085414267754
hotel_105,2023-07-13,1.0,1.0062893081761006,1.0051006866308927,0.9883744022494184,0.9970115025353516
hotel_105,2023-07-14,1.0,1.0,1.0054930471409613,1.0078429181655375,0.9869462228491361
hotel_105,2023-07-15,1.0,0.9874213836477987,1.00588540765103,1.0476449387846933,0.9808669776135654
hotel_105,2023-07-16,1.0,0.9937106918238994,1.0062777681610986,0.9616544656744862,0.9849372226118231
hotel_105,2023-07-17,1.0,1.0188679245283019,1.0066701286711672,1.0073316004594441,0.9932990925810391
hotel_105,2023-07-18,1.0,1.0314465408805031,1.0070624891812359,1.0373367269875087,0.996111407137309
hotel_105,2023-07-19,1.0,1.0440251572327044,1.0074548496913045,1.039713682926658,0.9991056562791129
hotel_105,2023-07-20,1.0,1.0062893081761006,1.0078472102013734,0.9883744022494184,0.9943769303482233
hotel_105,2023-07-21,1.0,1.0,1.008239570711442,1.0078429181655375,0.9843886294327853
hotel_105,2023-07-22,1.0,0.9874213836477987,1.0086319312215106,1.0476449387846933,0.9806614398256657
hotel_105,2023-07-23,1.0,0.9937106918238994,1.0090242917315793,0.9616544656744862,0.9836481282914438
hotel_105,2023-07-24,1.0,1.0188679245283019,1.009416652241648,1.0073316004594441,0.990365522993021
hotel_105,2023-07-25,1.0,1.0314465408805031,1.0098090127517165,1.0373367269875087,0.9929557678407583
hotel_105,2023-07-26,1.0,1.0440251572327044,1.0102013732617852,1.039713682926658,0.9956748191311162
hotel_105,2023-07-27,1.0,1.0062893081761006,1.0105937337718538,0.9883744022494184,0.9908445746915224
hotel_105,2023-07-28,1.0,1.0,1.0109860942819227,1.0078429181655375,0.9844836393102114
hotel_112,2023-07-01,0.96875,0.75625,0.9692087155963303,0.903436796126748,0.9282027722244105
hotel_112,2023-07-02,0.96875,0.7625,0.9696674311926605,0.8684008104548067,0.8991028633345858
hotel_112,2023-07-03,0.96875,0.76875,0.9701261467889908,0.9192479376233321,0.900878544935652
hotel_112,2023-07-04,0.96875,0.8625,0.970584862385321,0.925340831381696,0.9110678566876766
hotel_112,2023-07-05,0.96875,0.89375,0.9710435779816514,0.9466445839515321,0.8977945977216957
hotel_112,2023-07-06,0.96875,1.0,0.9715022935779817,0.9375921024302498,0.9137525848250179
hotel_112,2023-07-07,0.96875,0.96875,0.9719610091743119,0.8993846268135793,0.8575393324770401
hotel_112,2023-07-08,0.96875,0.75625,0.9724197247706422,0.903436796126748,0.8561083820584019
hotel_112,2023-07-09,0.96875,0.7625,0.9728784403669725,0.8684008104548067,0.8535285868890743
hotel_112,2023-07-10,0.96875,0.76875,0.9733371559633027,0.9192479376233321,0.8536831084753365
hotel_112,2023-07-11,0.96875,0.8625,0.973795871559633,0.925340831381696,0.8722295926201861
hotel_112,2023-07-12,0.96875,0.89375,0.9742545871559634,0.9466445839515321,0.8767118623569202
hotel_112,2023-07-13,0.96875,1.0,0.9747133027522936,0.9375921024302498,0.8985793206356159
hotel_112,2023-07-14,0.96875,0.96875,0.9751720183486239,0.8993846268135793,0.8875799338575979
hotel_112,2023-07-15,0.96875,0.75625,0.9756307339449541,0.903436796126748,0.8790361394891419
hotel_112,2023-07-16,0.96875,0.7625,0.9760894495412844,0.8684008104548067,0.8727661529224973
hotel_112,2023-07-17,0.96875,0.76875,0.9765481651376147,0.9192479376233321,0.8729292192541099
hotel_112,2023-07-18,0.96875,0.8625,0.9770068807339449,0.925340831381696,0.8762318738860845
hotel_112,2023-07-19,0.96875,0.89375,0.9774655963302752,0.9466445839515321,0.8738053971535522
hotel_112,2023-07-20,0.96875,1.0,0.9779243119266054,0.9375921024302498,0.8785780850147905
hotel_112,2023-07-21,0.96875,0.96875,0.9783830275229358,0.8993846268135793,0.8664387435764419
hotel_112,2023-07-22,0.96875,0.75625,0.9788417431192661,0.903436796126748,0.8654400420686776
hotel_112,2023-07-23,0.96875,0.7625,0.9793004587155963,0.8684008104548067,0.8643995708568899
hotel_112,2023-07-24,0.96875,0.76875,0.9797591743119266,0.9192479376233321,0.8644093501669349
hotel_112,2023-07-25,0.96875,0.8625,0.9802178899082569,0.925340831381696,0.8683394388044463
hotel_112,2023-07-26,0.96875,0.89375,0.9806766055045871,0.9466445839515321,0.8690275221482799
hotel_112,2023-07-27,0.96875,1.0,0.9811353211009174,0.9375921024302498,0.8737439934282576
hotel_112,2023-07-28,0.96875,0.96875,0.9815940366972478,0.8993846268135793,0.8706030375816532
hotel_126,2023-07-01,0.9880478087649402,1.00398406374502,0.9880331883475273,1.0118542902214969,0.9901987417586503
hotel_126,2023-07-02,0.9880478087649402,1.00398406374502,0.9880185679301144,0.9755733507879766,0.9946131490617062
hotel_126,2023-07-03,0.9880478087649402,1.00398406374502,0.9880039475127015,0.9547851651323187,0.995570164493363
hotel_126,2023-07-04,0.9880478087649402,0.9840637450199203,0.9879893270952885,0.9503407261310395,0.9965797375995307
hotel_126,2023-07-05,0.9880478087649402,1.00398406374502,0.9879747066778757,0.9556024267785894,1.0041308271292602
hotel_126,2023-07-06,0.9880478087649402,1.00398406374502,0.9879600862604627,0.9474217750469447,0.9922139156884402
hotel_126,2023-07-07,0.9880478087649402,0.9880478087649402,0.9879454658430499,0.9941662514370858,1.0024646823316317
hotel_126,2023-07-08,0.9880478087649402,1.00398406374502,0.9879308454256369,1.0118542902214969,1.0009458816194343
hotel_126,2023-07-09,0.9880478087649402,1.00398406374502,0.987916225008224,0.9755733507879766,1.0012958835799768
hotel_126,2023-07-10,0.9880478087649402,1.00398406374502,0.9879016045908111,0.9547851651323187,1.0008145127774328
hotel_126,2023-07-11,0.9880478087649402,0.9840637450199203,0.9878869841733982,0.9503407261310395,0.9987395759014942
hotel_126,2023-07-12,0.9880478087649402,1.00398406374502,0.9878723637559852,0.9556024267785894,1.0038066136842452
hotel_126,2023-07-13,0.9880478087649402,1.00398406374502,0.9878577433385723,0.9474217750469447,0.9950782132540352
hotel_126,2023-07-14,0.9880478087649402,0.9880478087649402,0.9878431229211594,0.9941662514370858,1.000927952612009
hotel_126,2023-07-15,0.9880478087649402,1.00398406374502,0.9878285025037465,1.0118542902214969,1.0005880290029774
hotel_126,2023-07-16,0.9880478087649402,1.00398406374502,0.9878138820863336,0.9755733507879766,1.0009734764805434
hotel_126,2023-07-17,0.9880478087649402,1.00398406374502,0.9877992616689206,0.9547851651323187,1.001315313577863
hotel_126,2023-07-18,0.9880478087649402,0.9840637450199203,0.9877846412515078,0.9503407261310395,0.9995637823034397
hotel_126,2023-07-19,0.9880478087649402,1.00398406374502,0.9877700208340948,0.9556024267785894,1.0044007198523093
hotel_126,2023-07-20,0.9880478087649402,1.00398406374502,0.9877554004166819,0.9474217750469447,0.9965696880001591
hotel_126,2023-07-21,0.9880478087649402,0.9880478087649402,0.987740779999269,0.9941662514370858,1.0020587396057903
hotel_126,2023-07-22,0.9880478087649402,1.00398406374502,0.9877261595818561,1.0118542902214969,1.001397647642006
hotel_126,2023-07-23,0.9880478087649402,1.00398406374502,0.9877115391644432,0.9755733507879766,1.0019304450049247
hotel_126,2023-07-24,0.9880478087649402,1.00398406374502,0.9876969187470303,0.9547851651323187,1.0019218022890797
hotel_126,2023-07-25,0.9880478087649402,0.9840637450199203,0.9876822983296173,0.9503407261310395,1.0006230497993103
hotel_126,2023-07-26,0.9880478087649402,1.00398406374502,0.9876676779122044,0.9556024267785894,1.0044968753298529
hotel_126,2023-07-27,0.9880478087649402,1.00398406374502,0.9876530574947915,0.9474217750469447,0.9980578475418991
hotel_126,2023-07-28,0.9880478087649402,0.9880478087649402,0.9876384370773785,0.9941662514370858,1.002521838608536
hotel_133,2023-07-01,0.9672131147540983,1.0163934426229508,0.9678147089787937,1.007238888108479,0.9868188746797321
hotel_133,2023-07-02,0.9672131147540983,0.8852459016393442,0.9684163032034893,0.831348347201812,0.9083265961004361
hotel_133,2023-07-03,0.9672131147540983,0.9836065573770492,0.9690178974281847,0.8643379747698856,0.9377195853945228
hotel_133,2023-07-04,0.9672131147540983,0.9836065573770492,0.9696194916528801,0.8804703322953393,0.9477289863208709
hotel_133,2023-07-05,0.9672131147540983,0.9508196721311475,0.9702210858775755,0.896270505707802,0.9394805050030357
hotel_133,2023-07-06,0.9672131147540983,0.9180327868852459,0.970822680102271,0.9099525050890617,0.9378063819777247
hotel_133,2023-07-07,0.9672131147540983,0.9672131147540983,0.9714242743269664,0.9772698975852595,0.9735702252512781
hotel_133,2023-07-08,0.9672131147540983,1.0163934426229508,0.9720258685516618,1.007238888108479,0.9930570217655679
hotel_133,2023-07-09,0.9672131147540983,0.8852459016393442,0.9726274627763574,0.831348347201812,0.9129199112537629
hotel_133,2023-07-10,0.9672131147540983,0.9836065573770492,0.9732290570010528,0.8643379747698856,0.9465599510889808
hotel_133,2023-07-11,0.9672131147540983,0.9836065573770492,0.9738306512257482,0.8804703322953393,0.9546221981031332
hotel_133,2023-07-12,0.9672131147540983,0.9508196721311475,0.9744322454504436,0.896270505707802,0.9446941317087508
hotel_133,2023-07-13,0.9672131147540983,0.9180327868852459,0.9750338396751391,0.9099525050890617,0.9400372375712349
hotel_133,2023-07-14,0.9672131147540983,0.9672131147540983,0.9756354338998345,0.9772698975852595,0.9739579190643392
hotel_133,2023-07-15,0.9672131147540983,1.0163934426229508,0.97623702812453,1.007238888108479,0.9917513632801953
hotel_133,2023-07-16,0.9672131147540983,0.8852459016393442,0.9768386223492254,0.831348347201812,0.9185377709848492
hotel_133,2023-07-17,0.9672131147540983,0.9836065573770492,0.9774402165739209,0.8643379747698856,0.9489105902299111
hotel_133,2023-07-18,0.9672131147540983,0.9836065573770492,0.9780418107986163,0.8804703322953393,0.9564666394209936
hotel_133,2023-07-19,0.9672131147540983,0.9508196721311475,0.9786434050233117,0.896270505707802,0.9475338485568561
hotel_133,2023-07-20,0.9672131147540983,0.9180327868852459,0.9792449992480072,0.9099525050890617,0.9435515988407849
hotel_133,2023-07-21,0.9672131147540983,0.9672131147540983,0.9798465934727026,0.9772698975852595,0.9747715167639563
hotel_133,2023-07-22,0.9672131147540983,1.0163934426229508,0.980448187697398,1.007238888108479,0.9912171520619049
hotel_133,2023-07-23,0.9672131147540983,0.8852459016393442,0.9810497819220935,0.831348347201812,0.9235485024372978
hotel_133,2023-07-24,0.9672131147540983,0.9836065573770492,0.981651376146789,0.8643379747698856,0.9516578671995352
hotel_133,2023-07-25,0.9672131147540983,0.9836065573770492,0.9822529703714844,0.8804703322953393,0.9586215780731571
hotel_133,2023-07-26,0.9672131147540983,0.9508196721311475,0.9828545645961798,0.896270505707802,0.9503509771329284
hotel_133,2023-07-27,0.9672131147540983,0.9180327868852459,0.9834561588208752,0.9099525050890617,0.9466419835237054
hotel_133,2023-07-28,0.9672131147540983,0.9672131147540983,0.9840577530455707,0.9772698975852595,0.9754732120955943
hotel_14,2023-07-01,0.5188679245283019,0.6132075471698113,0.5187467543707807,0.6313797479282144,0.5506045370049126
hotel_14,2023-07-02,0.5188679245283019,0.5660377358490566,0.5186255842132594,0.41167666920525214,0.5454823650301845
hotel_14,2023-07-03,0.5188679245283019,0.5943396226415094,0.5185044140557382,0.5110935090828267,0.5741431703974563
hotel_14,2023-07-04,0.5188679245283019,0.5377358490566038,0.5183832438982171,0.593173474116865,0.5790333705132762
hotel_14,2023-07-05,0.5188679245283019,0.5566037735849056,0.5182620737406959,0.6153958626365212,0.6270813982858455
hotel_14,2023-07-06,0.5188679245283019,0.7641509433962265,0.5181409035831747,0.5718531901748021,0.6902843303015295
hotel_14,2023-07-07,0.5188679245283019,0.5188679245283019,0.5180197334256534,0.5999353587828535,0.5957766217075479
hotel_14,2023-07-08,0.5188679245283019,0.6132075471698113,0.5178985632681322,0.6313797479282144,0.6053388781608289
hotel_14,2023-07-09,0.5188679245283019,0.5660377358490566,0.517777393110611,0.41167666920525214,0.5759170988878252
hotel_14,2023-07-10,0.5188679245283019,0.5943396226415094,0.5176562229530899,0.5110935090828267,0.59070229722374
hotel_14,2023-07-11,0.5188679245283019,0.5377358490566038,0.5175350527955687,0.593173474116865,0.6005911024726586
hotel_14,2023-07-12,0.5188679245283019,0.5566037735849056,0.5174138826380474,0.6153958626365212,0.6085932636452557
hotel_14,2023-07-13,0.5188679245283019,0.7641509433962265,0.5172927124805262,0.5718531901748021,0.6767668831276334
hotel_14,2023-07-14,0.5188679245283019,0.5188679245283019,0.517171542323005,0.5999353587828535,0.6027352781661658
hotel_14,2023-07-15,0.5188679245283019,0.6132075471698113,0.5170503721654838,0.6313797479282144,0.5991304948323667
hotel_14,2023-07-16,0.5188679245283019,0.5660377358490566,0.5169292020079626,0.41167666920525214,0.5806418350092246
hotel_14,2023-07-17,0.5188679245283019,0.5943396226415094,0.5168080318504414,0.5110935090828267,0.6124836755580405
hotel_14,2023-07-18,0.5188679245283019,0.5377358490566038,0.5166868616929202,0.593173474116865,0.6042075787686199
hotel_14,2023-07-19,0.5188679245283019,0.5566037735849056,0.516565691535399,0.6153958626365212,0.6123209946038692
hotel_14,2023-07-20,0.5188679245283019,0.7641509433962265,0.5164445213778778,0.5718531901748021,0.673166715928207
hotel_14,2023-07-21,0.5188679245283019,0.5188679245283019,0.5163233512203566,0.5999353587828535,0.6093940215150407
hotel_14,2023-07-22,0.5188679245283019,0.6132075471698113,0.5162021810628353,0.6313797479282144,0.6034801700961943
hotel_14,2023-07-23,0.5188679245283019,0.5660377358490566,0.5160810109053142,0.41167666920525214,0.6073931400862754
hotel_14,2023-07-24,0.5188679245283019,0.5943396226415094,0.515959840747793,0.5110935090828267,0.6127157854098425
hotel_14,2023-07-25,0.5188679245283019,0.5377358490566038,0.5158386705902718,0.593173474116865,0.6044436181749044
hotel_14,2023-07-26,0.5188679245283019,0.5566037735849056,0.5157175004327506,0.6153958626365212,0.6270291488383045
hotel_14,2023-07-27,0.5188679245283019,0.7641509433962265,0.5155963302752293,0.5718531901748021,0.6573742014921696
hotel_14,2023-07-28,0.5188679245283019,0.5188679245283019,0.5154751601177081,0.5999353587828535,0.6070353875583183
hotel_21,2023-07-01,0.9074074074074074,1.0,0.9072460074753653,0.9374724566382746,0.9279539564813695
hotel_21,2023-07-02,0.9074074074074074,0.9166666666666666,0.9070846075433232,0.8925108438409023,0.924042332493099
hotel_21,2023-07-03,0.9074074074074074,0.9861111111111112,0.9069232076112811,0.8990211303789145,0.9400076670316554
hotel_21,2023-07-04,0.9074074074074074,1.0,0.9067618076792389,0.918408758492784,0.9473052982521817
hotel_21,2023-07-05,0.9074074074074074,0.9953703703703703,0.9066004077471967,0.9304247578312299,0.9507103084653015
hotel_21,2023-07-06,0.9074074074074074,0.9907407407407407,0.9064390078151546,0.9322109167784918,0.9537119537265648
hotel_21,2023-07-07,0.9074074074074074,0.9074074074074074,0.9062776078831125,0.919860566496805,0.9429613982068581
hotel_21,2023-07-08,0.9074074074074074,1.0,0.9061162079510704,0.9374724566382746,0.9537524529874881
hotel_21,2023-07-09,0.9074074074074074,0.9166666666666666,0.9059548080190283,0.8925108438409023,0.9463063337921742
hotel_21,2023-07-10,0.9074074074074074,0.9861111111111112,0.905793408086986,0.8990211303789145,0.9561303928293887
hotel_21,2023-07-11,0.9074074074074074,1.0,0.9056320081549439,0.918408758492784,0.9601939653142919
hotel_21,2023-07-12,0.9074074074074074,0.9953703703703703,0.9054706082229018,0.9304247578312299,0.9605827402645649
hotel_21,2023-07-13,0.9074074074074074,0.9907407407407407,0.9053092082908597,0.9322109167784918,0.9607639608488331
hotel_21,2023-07-14,0.9074074074074074,0.9074074074074074,0.9051478083588176,0.919860566496805,0.9498018800156507
hotel_21,2023-07-15,0.9074074074074074,1.0,0.9049864084267755,0.9374724566382746,0.9527077649948608
hotel_21,2023-07-16,0.9074074074074074,0.9166666666666666,0.9048250084947334,0.8925108438409023,0.9537645387073107
hotel_21,2023-07-17,0.9074074074074074,0.9861111111111112,0.9046636085626911,0.8990211303789145,0.9556047030264195
hotel_21,2023-07-18,0.9074074074074074,1.0,0.904502208630649,0.918408758492784,0.9559999344983703
hotel_21,2023-07-19,0.9074074074074074,0.9953703703703703,0.9043408086986069,0.9304247578312299,0.9572167856583695
hotel_21,2023-07-20,0.9074074074074074,0.9907407407407407,0.9041794087665648,0.9322109167784918,0.9572651186154534
hotel_21,2023-07-21,0.9074074074074074,0.9074074074074074,0.9040180088345227,0.919860566496805,0.9581098781286833
hotel_21,2023-07-22,0.9074074074074074,1.0,0.9038566089024805,0.9374724566382746,0.9579848185710723
hotel_21,2023-07-23,0.9074074074074074,0.9166666666666666,0.9036952089704383,0.8925108438409023,0.9586011147536118
hotel_21,2023-07-24,0.9074074074074074,0.9861111111111112,0.9035338090383962,0.8990211303789145,0.9583973812618565
hotel_21,2023-07-25,0.9074074074074074,1.0,0.9033724091063541,0.918408758492784,0.9588681720226446
hotel_21,2023-07-26,0.9074074074074074,0.9953703703703703,0.903211009174312,0.9304247578312299,0.9586366161434356
hotel_21,2023-07-27,0.9074074074074074,0.9907407407407407,0.9030496092422698,0.9322109167784918,0.9590105427183914
hotel_21,2023-07-28,0.9074074074074074,0.9074074074074074,0.9028882093102277,0.919860566496805,0.9587776928525416
hotel_28,2023-07-01,0.6083333333333333,0.008333333333333333,0.6079357798165137,0.45199125065461343,0.42155823011429544
hotel_28,2023-07-02,0.6083333333333333,0.008333333333333333,0.6075382262996941,0.45545059670535654,0.2946640323508257
hotel_28,2023-07-03,0.6083333333333333,0.008333333333333333,0.6071406727828745,0.45785080226028074,0.22661964724055847
hotel_28,2023-07-04,0.6083333333333333,0.008333333333333333,0.606743119266055,0.45833833177651623,0.15960648371738273
hotel_28,2023-07-05,0.6083333333333333,0.13333333333333333,0.6063455657492354,0.46876029319256635,0.1515273842044042
hotel_28,2023-07-06,0.6083333333333333,0.4166666666666667,0.6059480122324159,0.4870731932971186,0.18719617204363614
hotel_28,2023-07-07,0.6083333333333333,0.6083333333333333,0.6055504587155963,0.4855707064349663,0.21617806804712825
hotel_28,2023-07-08,0.6083333333333333,0.008333333333333333,0.6051529051987767,0.45199125065461343,0.20598218606629887
hotel_28,2023-07-09,0.6083333333333333,0.008333333333333333,0.6047553516819572,0.45545059670535654,0.19963726713529178
hotel_28,2023-07-10,0.6083333333333333,0.008333333333333333,0.6043577981651376,0.45785080226028074,0.19577076770013527
hotel_28,2023-07-11,0.6083333333333333,0.008333333333333333,0.603960244648318,0.45833833177651623,0.1902587108587492
hotel_28,2023-07-12,0.6083333333333333,0.13333333333333333,0.6035626911314984,0.46876029319256635,0.21254937342988725
hotel_28,2023-07-13,0.6083333333333333,0.4166666666666667,0.6031651376146788,0.4870731932971186,0.26771379612225427
hotel_28,2023-07-14,0.6083333333333333,0.6083333333333333,0.6027675840978592,0.4855707064349663,0.305784491585419
hotel_28,2023-07-15,0.6083333333333333,0.008333333333333333,0.6023700305810397,0.45199125065461343,0.27043225812483024
hotel_28,2023-07-16,0.6083333333333333,0.008333333333333333,0.6019724770642201,0.45545059670535654,0.24581591262315775
hotel_28,2023-07-17,0.6083333333333333,0.008333333333333333,0.6015749235474006,0.45785080226028074,0.232625415119576
hotel_28,2023-07-18,0.6083333333333333,0.008333333333333333,0.601177370030581,0.45833833177651623,0.22006558842341353
hotel_28,2023-07-19,0.6083333333333333,0.13333333333333333,0.6007798165137614,0.46876029319256635,0.23703857598505138
hotel_28,2023-07-20,0.6083333333333333,0.4166666666666667,0.6003822629969419,0.4870731932971186,0.28549057990735716
hotel_28,2023-07-21,0.6083333333333333,0.6083333333333333,0.5999847094801223,0.4855707064349663,0.31959047703503524
hotel_28,2023-07-22,0.6083333333333333,0.008333333333333333,0.5995871559633027,0.45199125065461343,0.29071091063042465
hotel_28,2023-07-23,0.6083333333333333,0.008333333333333333,0.5991896024464831,0.45545059670535654,0.2706221256335282
hotel_28,2023-07-24,0.6083333333333333,0.008333333333333333,0.5987920489296635,0.45785080226028074,0.25975719567016403
hotel_28,2023-07-25,0.6083333333333333,0.008333333333333333,0.598394495412844,0.45833833177651623,0.24912618650300905
hotel_28,2023-07-26,0.6083333333333333,0.13333333333333333,0.5979969418960244,0.46876029319256635,0.26500429833350864
hotel_28,2023-07-27,0.6083333333333333,0.4166666666666667,0.5975993883792048,0.4870731932971186,0.3095181220895752
hotel_28,2023-07-28,0.6083333333333333,0.6083333333333333,0.5972018348623853,0.4855707064349663,0.3407657341522771
hotel_35,2023-07-01,0.6953125,0.72265625,0.6960650802752294,0.6292694250088536,0.652510720739337
hotel_35,2023-07-02,0.6953125,0.7421875,0.6968176605504587,0.6360961863349548,0.668938409153805
hotel_35,2023-07-03,0.6953125,0.8359375,0.6975702408256881,0.7007579328410402,0.7484180134795377
hotel_35,2023-07-04,0.6953125,0.919921875,0.6983228211009175,0.7310379917733547,0.7678017323907161
hotel_35,2023-07-05,0.6953125,0.89453125,0.6990754013761468,0.7399312751356641,0.7497543349341904
hotel_35,2023-07-06,0.6953125,0.8046875,0.6998279816513762,0.7354116134287024,0.7388200260748604
hotel_35,2023-07-07,0.6953125,0.6953125,0.7005805619266054,0.689404874603085,0.7258436859595224
hotel_35,2023-07-08,0.6953125,0.72265625,0.7013331422018348,0.6292694250088536,0.6988311235835566
hotel_35,2023-07-09,0.6953125,0.7421875,0.7020857224770642,0.6360961863349548,0.7177949363964718
hotel_35,2023-07-10,0.6953125,0.8359375,0.7028383027522935,0.7007579328410402,0.7701346790939754
hotel_35,2023-07-11,0.6953125,0.919921875,0.7035908830275229,0.7310379917733547,0.7738902790373624
hotel_35,2023-07-12,0.6953125,0.89453125,0.7043434633027523,0.7399312751356641,0.7549771524515233
hotel_35,2023-07-13,0.6953125,0.8046875,0.7050960435779816,0.7354116134287024,0.7525494191696215
hotel_35,2023-07-14,0.6953125,0.6953125,0.705848623853211,0.689404874603085,0.7451950854177093
hotel_35,2023-07-15,0.6953125,0.72265625,0.7066012041284404,0.6292694250088536,0.7184773148862983
hotel_35,2023-07-16,0.6953125,0.7421875,0.7073537844036697,0.6360961863349548,0.7206680820917659
hotel_35,2023-07-17,0.6953125,0.8359375,0.7081063646788991,0.7007579328410402,0.7588107020664612
hotel_35,2023-07-18,0.6953125,0.919921875,0.7088589449541285,0.7310379917733547,0.7647772811795438
hotel_35,2023-07-19,0.6953125,0.89453125,0.7096115252293578,0.7399312751356641,0.7595555652391945
hotel_35,2023-07-20,0.6953125,0.8046875,0.7103641055045872,0.7354116134287024,0.7667194356660492
hotel_35,2023-07-21,0.6953125,0.6953125,0.7111166857798166,0.689404874603085,0.758412093740782
hotel_35,2023-07-22,0.6953125,0.72265625,0.7118692660550459,0.6292694250088536,0.7240714633875419
hotel_35,2023-07-23,0.6953125,0.7421875,0.7126218463302753,0.6360961863349548,0.7202544098382533
hotel_35,2023-07-24,0.6953125,0.8359375,0.7133744266055045,0.7007579328410402,0.7582583844406792
hotel_35,2023-07-25,0.6953125,0.919921875,0.7141270068807339,0.7310379917733547,0.7712798953106039
hotel_35,2023-07-26,0.6953125,0.89453125,0.7148795871559633,0.7399312751356641,0.7708391359923195
hotel_35,2023-07-27,0.6953125,0.8046875,0.7156321674311926,0.7354116134287024,0.77504256632342
hotel_35,2023-07-28,0.6953125,0.6953125,0.716384747706422,0.689404874603085,0.7612338927694539
hotel_42,2023-07-01,0.7611336032388664,0.902834008097166,0.761601604576013,0.9032813225244133,0.7751276091367173
hotel_42,2023-07-02,0.7611336032388664,0.38461538461538464,0.7620696059131598,0.5510395344140244,0.5139804523067291
hotel_42,2023-07-03,0.7611336032388664,0.7246963562753036,0.7625376072503064,0.6371076666006144,0.6189805510215284
hotel_42,2023-07-04,0.7611336032388664,0.97165991902834,0.763005608587453,0.7508310356294376,0.7244850381851082
hotel_42,2023-07-05,0.7611336032388664,0.8947368421052632,0.7634736099245998,0.729934100857925,0.779950505949751
hotel_42,2023-07-06,0.7611336032388664,0.7732793522267206,0.7639416112617464,0.7286381490529169,0.7096348822380882
hotel_42,2023-07-07,0.7611336032388664,0.7611336032388664,0.7644096125988931,0.7949672543119111,0.7367781583186492
hotel_42,2023-07-08,0.7611336032388664,0.902834008097166,0.7648776139360398,0.9032813225244133,0.7427227305156219
hotel_42,2023-07-09,0.7611336032388664,0.38461538461538464,0.7653456152731865,0.5510395344140244,0.557609406428709
hotel_42,2023-07-10,0.7611336032388664,0.7246963562753036,0.7658136166103331,0.6371076666006144,0.6653602842284242
hotel_42,2023-07-11,0.7611336032388664,0.97165991902834,0.7662816179474798,0.7508310356294376,0.7496561887446311
hotel_42,2023-07-12,0.7611336032388664,0.8947368421052632,0.7667496192846265,0.729934100857925,0.7416572027452681
hotel_42,2023-07-13,0.7611336032388664,0.7732793522267206,0.7672176206217731,0.7286381490529169,0.6963900774589553
hotel_42,2023-07-14,0.7611336032388664,0.7611336032388664,0.7676856219589199,0.7949672543119111,0.6989275351143955
hotel_42,2023-07-15,0.7611336032388664,0.902834008097166,0.7681536232960665,0.9032813225244133,0.7036971634129743
hotel_42,2023-07-16,0.7611336032388664,0.38461538461538464,0.7686216246332132,0.5510395344140244,0.5993552502907592
hotel_42,2023-07-17,0.7611336032388664,0.7246963562753036,0.7690896259703599,0.6371076666006144,0.6481961784790974
hotel_42,2023-07-18,0.7611336032388664,0.97165991902834,0.7695576273075065,0.7508310356294376,0.6923163898267846
hotel_42,2023-07-19,0.7611336032388664,0.8947368421052632,0.7700256286446532,0.729934100857925,0.7046972137544588
hotel_42,2023-07-20,0.7611336032388664,0.7732793522267206,0.7704936299817999,0.7286381490529169,0.6775483303242341
hotel_42,2023-07-21,0.7611336032388664,0.7611336032388664,0.7709616313189466,0.7949672543119111,0.6849408373263632
hotel_42,2023-07-22,0.7611336032388664,0.902834008097166,0.7714296326560933,0.9032813225244133,0.6874309000490751
hotel_42,2023-07-23,0.7611336032388664,0.38461538461538464,0.77189763399324,0.5510395344140244,0.6190237868855434
hotel_42,2023-07-24,0.7611336032388664,0.7246963562753036,0.7723656353303866,0.6371076666006144,0.6563835511144954
hotel_42,2023-07-25,0.7611336032388664,0.97165991902834,0.7728336366675334,0.7508310356294376,0.6868327515364225
hotel_42,2023-07-26,0.7611336032388664,0.8947368421052632,0.77330163800468,0.729934100857925,0.6873680112624317
hotel_42,2023-07-27,0.7611336032388664,0.7732793522267206,0.7737696393418266,0.7286381490529169,0.6703022807844596
hotel_42,2023-07-28,0.7611336032388664,0.7611336032388664,0.7742376406789734,0.7949672543119111,0.6724724216994006
hotel_49,2023-07-01,0.6593886462882096,0.7248908296943232,0.658779696326269,0.6839418195615334,0.6719887214962098
hotel_49,2023-07-02,0.6593886462882096,0.62882096069869,0.6581707463643284,0.5926478686252441,0.6408068126513622
hotel_49,2023-07-03,0.6593886462882096,0.6724890829694323,0.6575617964023877,0.5837932107051336,0.6475015626074981
hotel_49,2023-07-04,0.6593886462882096,0.7074235807860262,0.656952846440447,0.6097205843392374,0.6888852688657342
hotel_49,2023-07-05,0.6593886462882096,0.7030567685589519,0.6563438964785064,0.609301843976113,0.6813060750220953
hotel_49,2023-07-06,0.6593886462882096,0.6593886462882096,0.6557349465165658,0.6212854241116265,0.6492388368118244
hotel_49,2023-07-07,0.6593886462882096,0.6593886462882096,0.6551259965546252,0.6726086341271953,0.6723491716869702
hotel_49,2023-07-08,0.6593886462882096,0.7248908296943232,0.6545170465926846,0.6839418195615334,0.6879529535002857
hotel_49,2023-07-09,0.6593886462882096,0.62882096069869,0.6539080966307439,0.5926478686252441,0.6546611463073397
hotel_49,2023-07-10,0.6593886462882096,0.6724890829694323,0.6532991466688033,0.5837932107051336,0.6573423687371469
hotel_49,2023-07-11,0.6593886462882096,0.7074235807860262,0.6526901967068627,0.6097205843392374,0.6842190896878125
hotel_49,2023-07-12,0.6593886462882096,0.7030567685589519,0.6520812467449221,0.609301843976113,0.6786197322201585
hotel_49,2023-07-13,0.6593886462882096,0.6593886462882096,0.6514722967829815,0.6212854241116265,0.6545526101115312
hotel_49,2023-07-14,0.6593886462882096,0.6593886462882096,0.6508633468210409,0.6726086341271953,0.6667915709181156
hotel_49,2023-07-15,0.6593886462882096,0.7248908296943232,0.6502543968591001,0.6839418195615334,0.6808481078746728
hotel_49,2023-07-16,0.6593886462882096,0.62882096069869,0.6496454468971595,0.5926478686252441,0.6605758576455062
hotel_49,2023-07-17,0.6593886462882096,0.6724890829694323,0.6490364969352189,0.5837932107051336,0.6563005431340642
hotel_49,2023-07-18,0.6593886462882096,0.7074235807860262,0.6484275469732783,0.6097205843392374,0.6782480126913744
hotel_49,2023-07-19,0.6593886462882096,0.7030567685589519,0.6478185970113377,0.609301843976113,0.6762192604889153
hotel_49,2023-07-20,0.6593886462882096,0.6593886462882096,0.6472096470493971,0.6212854241116265,0.6568705924405908
hotel_49,2023-07-21,0.6593886462882096,0.6593886462882096,0.6466006970874564,0.6726086341271953,0.666335254046344
hotel_49,2023-07-22,0.6593886462882096,0.7248908296943232,0.6459917471255158,0.6839418195615334,0.6798186571569675
hotel_49,2023-07-23,0.6593886462882096,0.62882096069869,0.6453827971635752,0.5926478686252441,0.6649349227109138
hotel_49,2023-07-24,0.6593886462882096,0.6724890829694323,0.6447738472016346,0.5837932107051336,0.6586316006246514
hotel_49,2023-07-25,0.6593886462882096,0.7074235807860262,0.644164897239694,0.6097205843392374,0.6746269531886668
hotel_49,2023-07-26,0.6593886462882096,0.7030567685589519,0.6435559472777532,0.609301843976113,0.6754803046055352
hotel_49,2023-07-27,0.6593886462882096,0.6593886462882096,0.6429469973158126,0.6212854241116265,0.6601601305110519
hotel_49,2023-07-28,0.6593886462882096,0.6593886462882096,0.642338047353872,0.6726086341271953,0.6649239279036796
hotel_56,2023-07-01,0.9583333333333334,1.0083333333333333,0.958256880733945,0.9925455493849095,0.9635638092744366
hotel_56,2023-07-02,0.9583333333333334,1.0,0.9581804281345566,0.8606684284098138,0.925839766267819
hotel_56,2023-07-03,0.9583333333333334,1.0,0.9581039755351682,0.8900671345173036,0.941223834864202
hotel_56,2023-07-04,0.9583333333333334,1.0166666666666666,0.9580275229357799,0.9308419251938161,0.9718535669694425
hotel_56,2023-07-05,0.9583333333333334,0.9833333333333333,0.9579510703363915,0.945708146876643,0.9504739352883846
hotel_56,2023-07-06,0.9583333333333334,0.8666666666666667,0.9578746177370031,0.9464530711739031,0.9093179238701902
hotel_56,2023-07-07,0.9583333333333334,0.9583333333333334,0.9577981651376147,0.9756082297946995,0.946797530449059
hotel_56,2023-07-08,0.9583333333333334,1.0083333333333333,0.9577217125382264,0.9925455493849095,0.9552241691275157
hotel_56,2023-07-09,0.9583333333333334,1.0,0.957645259938838,0.8606684284098138,0.9423441972667019
hotel_56,2023-07-10,0.9583333333333334,1.0,0.9575688073394496,0.8900671345173036,0.9470258034537906
hotel_56,2023-07-11,0.9583333333333334,1.0166666666666666,0.9574923547400612,0.9308419251938161,0.9591001433124998
hotel_56,2023-07-12,0.9583333333333334,0.9833333333333333,0.9574159021406728,0.945708146876643,0.9470961804703139
hotel_56,2023-07-13,0.9583333333333334,0.8666666666666667,0.9573394495412845,0.9464530711739031,0.9153471780434692
hotel_56,2023-07-14,0.9583333333333334,0.9583333333333334,0.9572629969418961,0.9756082297946995,0.9418590463179446
hotel_56,2023-07-15,0.9583333333333334,1.0083333333333333,0.9571865443425077,0.9925455493849095,0.9452877437955114
hotel_56,2023-07-16,0.9583333333333334,1.0,0.9571100917431193,0.8606684284098138,0.9351522333810327
hotel_56,2023-07-17,0.9583333333333334,1.0,0.957033639143731,0.8900671345173036,0.9391115168610925
hotel_56,2023-07-18,0.9583333333333334,1.0166666666666666,0.9569571865443426,0.9308419251938161,0.9478334748676747
hotel_56,2023-07-19,0.9583333333333334,0.9833333333333333,0.9568807339449542,0.945708146876643,0.9406558287336717
hotel_56,2023-07-20,0.9583333333333334,0.8666666666666667,0.9568042813455658,0.9464530711739031,0.9242056707494534
hotel_56,2023-07-21,0.9583333333333334,0.9583333333333334,0.9567278287461775,0.9756082297946995,0.9384547192066276
hotel_56,2023-07-22,0.9583333333333334,1.0083333333333333,0.9566513761467891,0.9925455493849095,0.9408868181588285
hotel_56,2023-07-23,0.9583333333333334,1.0,0.9565749235474007,0.8606684284098138,0.9356778697693328
hotel_56,2023-07-24,0.9583333333333334,1.0,0.9564984709480123,0.8900671345173036,0.9376550834010632
hotel_56,2023-07-25,0.9583333333333334,1.0166666666666666,0.9564220183486238,0.9308419251938161,0.9423006639467704
hotel_56,2023-07-26,0.9583333333333334,0.9833333333333333,0.9563455657492355,0.945708146876643,0.9381372462597712
hotel_56,2023-07-27,0.9583333333333334,0.8666666666666667,0.9562691131498471,0.9464530711739031,0.9278976185433755
hotel_56,2023-07-28,0.9583333333333334,0.9583333333333334,0.9561926605504587,0.9756082297946995,0.9366043166173872
hotel_63,2023-07-01,0.8666666666666667,0.84,0.8671151885830786,0.9803791992927995,0.8450817638099264
hotel_63,2023-07-02,0.8666666666666667,0.6311111111111111,0.8675637104994903,0.6876373033360524,0.7402787161076145
hotel_63,2023-07-03,0.8666666666666667,0.8444444444444444,0.8680122324159022,0.6973042213002638,0.7775220825927083
hotel_63,2023-07-04,0.8666666666666667,0.8844444444444445,0.868460754332314,0.7684167563084241,0.8180154642068924
hotel_63,2023-07-05,0.8666666666666667,0.8266666666666667,0.8689092762487258,0.7828406068386752,0.804733890175952
hotel_63,2023-07-06,0.8666666666666667,0.8844444444444445,0.8693577981651377,0.7880687369130603,0.8707604286278279
hotel_63,2023-07-07,0.8666666666666667,0.8666666666666667,0.8698063200815495,0.9294303771007073,0.8891805963104842
hotel_63,2023-07-08,0.8666666666666667,0.84,0.8702548419979613,0.9803791992927995,0.8372606739642247
hotel_63,2023-07-09,0.8666666666666667,0.6311111111111111,0.8707033639143731,0.6876373033360524,0.7410501044669796
hotel_63,2023-07-10,0.8666666666666667,0.8444444444444444,0.871151885830785,0.6973042213002638,0.8145216196858857
hotel_63,2023-07-11,0.8666666666666667,0.8844444444444445,0.8716004077471967,0.7684167563084241,0.8393902842927772
hotel_63,2023-07-12,0.8666666666666667,0.8266666666666667,0.8720489296636086,0.7828406068386752,0.817971785133653
hotel_63,2023-07-13,0.8666666666666667,0.8844444444444445,0.8724974515800205,0.7880687369130603,0.8572037028438262
hotel_63,2023-07-14,0.8666666666666667,0.8666666666666667,0.8729459734964322,0.9294303771007073,0.8585443089096477
hotel_63,2023-07-15,0.8666666666666667,0.84,0.8733944954128441,0.9803791992927995,0.8347930300772225
hotel_63,2023-07-16,0.8666666666666667,0.6311111111111111,0.8738430173292558,0.6876373033360524,0.7719700972046953
hotel_63,2023-07-17,0.8666666666666667,0.8444444444444444,0.8742915392456677,0.6973042213002638,0.8081490906556322
hotel_63,2023-07-18,0.8666666666666667,0.8844444444444445,0.8747400611620796,0.7684167563084241,0.8285898725493328
hotel_63,2023-07-19,0.8666666666666667,0.8266666666666667,0.8751885830784913,0.7828406068386752,0.817680556951697
hotel_63,2023-07-20,0.8666666666666667,0.8844444444444445,0.8756371049949032,0.7880687369130603,0.8503469904247969
hotel_63,2023-07-21,0.8666666666666667,0.8666666666666667,0.876085626911315,0.9294303771007073,0.8563236142406705
hotel_63,2023-07-22,0.8666666666666667,0.84,0.8765341488277268,0.9803791992927995,0.8334636427200548
hotel_63,2023-07-23,0.8666666666666667,0.6311111111111111,0.8769826707441387,0.6876373033360524,0.7844740404122968
hotel_63,2023-07-24,0.8666666666666667,0.8444444444444444,0.8774311926605505,0.6973042213002638,0.8182164178764457
hotel_63,2023-07-25,0.8666666666666667,0.8844444444444445,0.8778797145769623,0.7684167563084241,0.8325879036938477
hotel_63,2023-07-26,0.8666666666666667,0.8266666666666667,0.8783282364933741,0.7828406068386752,0.8229049234234225
hotel_63,2023-07-27,0.8666666666666667,0.8844444444444445,0.878776758409786,0.7880687369130603,0.845600466428672
hotel_63,2023-07-28,0.8666666666666667,0.8666666666666667,0.8792252803261977,0.9294303771007073,0.848252301039358
hotel_7,2023-07-01,0.6498371335504886,0.33876221498371334,0.6502405642052416,0.5457642936703118,0.5522274270666416
hotel_7,2023-07-02,0.6498371335504886,0.3289902280130293,0.6506439948599946,0.5430374387873832,0.5252246839507193
hotel_7,2023-07-03,0.6498371335504886,0.247557003257329,0.6510474255147476,0.4637377159463534,0.43396120310454844
hotel_7,2023-07-04,0.6498371335504886,0.28664495114006516,0.6514508561695006,0.4243802960305859,0.4303527999164436
hotel_7,2023-07-05,0.6498371335504886,0.44788273615635177,0.6518542868242536,0.5633527663149532,0.5633510911979116
hotel_7,2023-07-06,0.6498371335504886,0.5521172638436482,0.6522577174790066,0.6155609588078044,0.6137799131227757
hotel_7,2023-07-07,0.6498371335504886,0.6498371335504886,0.6526611481337596,0.6528037675091977,0.6705347335352996
hotel_7,2023-07-08,0.6498371335504886,0.33876221498371334,0.6530645787885127,0.5457642936703118,0.5592313532851673
hotel_7,2023-07-09,0.6498371335504886,0.3289902280130293,0.6534680094432657,0.5430374387873832,0.5339434453123177
hotel_7,2023-07-10,0.6498371335504886,0.247557003257329,0.6538714400980187,0.4637377159463534,0.4476978768270271
hotel_7,2023-07-11,0.6498371335504886,0.28664495114006516,0.6542748707527717,0.4243802960305859,0.43636709628355674
hotel_7,2023-07-12,0.6498371335504886,0.44788273615635177,0.6546783014075247,0.5633527663149532,0.5650265617864881
hotel_7,2023-07-13,0.6498371335504886,0.5521172638436482,0.6550817320622777,0.6155609588078044,0.6051141561579673
hotel_7,2023-07-14,0.6498371335504886,0.6498371335504886,0.6554851627170307,0.6528037675091977,0.6558899128431043
hotel_7,2023-07-15,0.6498371335504886,0.33876221498371334,0.6558885933717837,0.5457642936703118,0.5452497937829784
hotel_7,2023-07-16,0.6498371335504886,0.3289902280130293,0.6562920240265367,0.5430374387873832,0.5222151197769915
hotel_7,2023-07-17,0.6498371335504886,0.247557003257329,0.6566954546812898,0.4637377159463534,0.43783076276815575
hotel_7,2023-07-18,0.6498371335504886,0.28664495114006516,0.6570988853360428,0.4243802960305859,0.428084209675376
hotel_7,2023-07-19,0.6498371335504886,0.44788273615635177,0.6575023159907958,0.5633527663149532,0.5580618903015917
hotel_7,2023-07-20,0.6498371335504886,0.5521172638436482,0.6579057466455488,0.6155609588078044,0.5992653139440702
hotel_7,2023-07-21,0.6498371335504886,0.6498371335504886,0.6583091773003018,0.6528037675091977,0.6509734301141337
hotel_7,2023-07-22,0.6498371335504886,0.33876221498371334,0.6587126079550548,0.5457642936703118,0.5411200294910866
hotel_7,2023-07-23,0.6498371335504886,0.3289902280130293,0.6591160386098078,0.5430374387873832,0.5187442910274915
hotel_7,2023-07-24,0.6498371335504886,0.247557003257329,0.6595194692645608,0.4637377159463534,0.43491493490739175
hotel_7,2023-07-25,0.6498371335504886,0.28664495114006516,0.6599228999193139,0.4243802960305859,0.4256338715884762
hotel_7,2023-07-26,0.6498371335504886,0.44788273615635177,0.6603263305740669,0.5633527663149532,0.556003215273968
hotel_7,2023-07-27,0.6498371335504886,0.5521172638436482,0.6607297612288199,0.6155609588078044,0.597535390360607
hotel_7,2023-07-28,0.6498371335504886,0.6498371335504886,0.6611331918835729,0.6528037675091977,0.6495199549973972
hotel_70,2023-07-01,0.8377192982456141,0.7982456140350878,0.8379526798647997,0.8744535315777295,0.9166524283010028
hotel_70,2023-07-02,0.8377192982456141,0.6535087719298246,0.8381860614839852,0.7574362228068356,0.8421395429845357
hotel_70,2023-07-03,0.8377192982456141,0.7105263157894737,0.8384194431031708,0.7574322673244427,0.8403352090340725
hotel_70,2023-07-04,0.8377192982456141,0.7105263157894737,0.8386528247223564,0.7564759271000756,0.8514310061147851
hotel_70,2023-07-05,0.8377192982456141,0.75,0.838886206341542,0.7477110455519981,0.8486644778816319
hotel_70,2023-07-06,0.8377192982456141,0.7587719298245614,0.8391195879607276,0.7778270965392885,0.8503784413652783
hotel_70,2023-07-07,0.8377192982456141,0.8377192982456141,0.8393529695799131,0.8384043030588617,0.9027901029871372
hotel_70,2023-07-08,0.8377192982456141,0.7982456140350878,0.8395863511990987,0.8744535315777295,0.9736899765268874
hotel_70,2023-07-09,0.8377192982456141,0.6535087719298246,0.8398197328182843,0.7574362228068356,0.9079736328439907
hotel_70,2023-07-10,0.8377192982456141,0.7105263157894737,0.8400531144374699,0.7574322673244427,0.9233947498723726
hotel_70,2023-07-11,0.8377192982456141,0.7105263157894737,0.8402864960566554,0.7564759271000756,0.9271222564113049
hotel_70,2023-07-12,0.8377192982456141,0.75,0.840519877675841,0.7477110455519981,0.9372886698700742
hotel_70,2023-07-13,0.8377192982456141,0.7587719298245614,0.8407532592950266,0.7778270965392885,0.9403301890480952
hotel_70,2023-07-14,0.8377192982456141,0.8377192982456141,0.8409866409142122,0.8384043030588617,0.9801288834467246
hotel_70,2023-07-15,0.8377192982456141,0.7982456140350878,0.8412200225333978,0.8744535315777295,1.026134479564066
hotel_70,2023-07-16,0.8377192982456141,0.6535087719298246,0.8414534041525833,0.7574362228068356,0.9831127333903573
hotel_70,2023-07-17,0.8377192982456141,0.7105263157894737,0.8416867857717689,0.7574322673244427,0.9877860952654474
hotel_70,2023-07-18,0.8377192982456141,0.7105263157894737,0.8419201673909545,0.7564759271000756,0.9921572653199103
hotel_70,2023-07-19,0.8377192982456141,0.75,0.8421535490101401,0.7477110455519981,0.9947949028499179
hotel_70,2023-07-20,0.8377192982456141,0.7587719298245614,0.8423869306293257,0.7778270965392885,0.9962984505840662
hotel_70,2023-07-21,0.8377192982456141,0.8377192982456141,0.8426203122485112,0.8384043030588617,1.0244009470396105
hotel_70,2023-07-22,0.8377192982456141,0.7982456140350878,0.8428536938676968,0.8744535315777295,1.0597854980481194
hotel_70,2023-07-23,0.8377192982456141,0.6535087719298246,0.8430870754868824,0.7574362228068356,1.0268603940975771
hotel_70,2023-07-24,0.8377192982456141,0.7105263157894737,0.843320457106068,0.7574322673244427,1.032765132904983
hotel_70,2023-07-25,0.8377192982456141,0.7105263157894737,0.8435538387252536,0.7564759271000756,1.0352813556105152
hotel_70,2023-07-26,0.8377192982456141,0.75,0.8437872203444391,0.7477110455519981,1.039025152876424
hotel_70,2023-07-27,0.8377192982456141,0.7587719298245614,0.8440206019636247,0.7778270965392885,1.0403852039477872
hotel_70,2023-07-28,0.8377192982456141,0.8377192982456141,0.8442539835828103,0.8384043030588617,1.061013072608496
hotel_77,2022-12-27,0.0,0.0,-0.002090517351806402,0.0035630841445453646,-1.2446955489764206e-05
hotel_77,2022-12-28,0.0,0.0,-0.004181034703612804,0.00581562560026991,-1.2047356872243249e-05
hotel_77,2022-12-29,0.0,0.0,-0.006271552055419205,0.005317902589235404,-2.7492678687583056e-05
hotel_77,2022-12-30,0.0,0.0,-0.008362069407225607,0.002691648062137224,-2.9582608076822133e-05
hotel_77,2022-12-31,0.0,0.0,-0.010452586759032009,-0.00041973892537173953,-3.0852632370186294e-05
hotel_77,2023-01-01,0.0,0.0,-0.01254310411083841,-0.0018347077914180002,-2.303311803148478e-05
hotel_77,2023-01-02,0.0,0.0,-0.014633621462644813,-0.00034077666382860763,-2.4898929571888873e-05
hotel_77,2023-01-03,0.0,0.0,-0.016724138814451214,0.0037185298128244284,-3.2397305994215374e-05
hotel_77,2023-01-04,0.0,0.0,-0.018814656166257618,0.00596795338053469,-3.651324848173932e-05
hotel_77,2023-01-05,0.0,0.0,-0.020905173518064018,0.005467175019257311,-4.396335541335268e-05
hotel_77,2023-01-06,0.0,0.0,-0.022995690869870418,0.0028379264253216244,-4.438176653572522e-05
hotel_77,2023-01-07,0.0,0.0,-0.02508620822167682,-0.0002763945748257791,-4.461191760332848e-05
hotel_77,2023-01-08,0.0,0.0,-0.027176725573483225,-0.0016942386038626238,-4.054092818886777e-05
hotel_77,2023-01-09,0.0,0.0,-0.029267242925289625,-0.00020312497000659745,-4.4080513491976775e-05
hotel_77,2023-01-10,0.0,0.0,-0.031357760277096025,0.0038534205254556163,-4.619848400407023e-05
hotel_77,2023-01-11,0.0,0.0,-0.03344827762890243,0.006100138491003995,-4.661043190967791e-05
hotel_77,2023-01-12,0.0,0.0,-0.03553879498070883,0.005596708795815792,-4.661043190967791e-05
hotel_77,2023-01-13,0.0,0.0,-0.037629312332515236,0.0029648620477221426,-4.661043190967791e-05
hotel_77,2023-01-14,0.0,0.0,-0.03971982968432163,-0.0001520049934957508,-4.661043190967791e-05
hotel_77,2023-01-15,0.0,0.0,-0.041810347036128036,-0.0015723439957861076,-4.661043190967791e-05
hotel_77,2023-01-16,0.0,0.0,-0.04390086438793444,-8.367529167135467e-05,-4.661043190967791e-05
hotel_77,2023-01-17,0.0,0.0,-0.045991381739740836,0.00397047431380232,-4.661043190967791e-05
hotel_77,2023-01-18,0.0,0.0,-0.04808189909154724,0.006214844445488533,-4.661043190967791e-05
hotel_77,2023-01-19,0.0,0.0,-0.05017241644335364,0.005709114008667489,-4.661043190967791e-05
hotel_77,2023-01-20,0.0,0.0,-0.052262933795160046,0.0030750126666068715,-4.661043190967791e-05
hotel_77,2023-01-21,0.0,0.0,-0.05435345114696645,-4.4063746529768993e-05,-4.661043190967791e-05
hotel_77,2023-01-22,0.0,0.0,-0.05644396849877285,-0.0014665678057425094,-4.661043190967791e-05
hotel_77,2023-01-23,0.0,0.0,-0.05853448585057925,1.997926758777295e-05,-4.661043190967791e-05
hotel_84,2023-07-01,0.9134948096885813,0.903114186851211,0.9142312942446271,0.975873529075923,0.9174955598115859
hotel_84,2023-07-02,0.9134948096885813,0.8961937716262975,0.914967778800673,0.73216656906911,0.9538676876287737
hotel_84,2023-07-03,0.9134948096885813,0.9515570934256056,0.9157042633567188,0.7473705410220118,0.8852063175990939
hotel_84,2023-07-04,0.9134948096885813,0.7231833910034602,0.9164407479127646,0.8021738746525953,0.8310503689856793
hotel_84,2023-07-05,0.9134948096885813,0.7197231833910035,0.9171772324688106,0.811584339595717,0.8383198954417754
hotel_84,2023-07-06,0.9134948096885813,0.8823529411764706,0.9179137170248564,0.8029457985275984,0.8961405598577201
hotel_84,2023-07-07,0.9134948096885813,0.9134948096885813,0.9186502015809022,0.9275979474105911,0.8522582029595991
hotel_84,2023-07-08,0.9134948096885813,0.903114186851211,0.9193866861369481,0.975873529075923,0.8907465427901713
hotel_84,2023-07-09,0.9134948096885813,0.8961937716262975,0.9201231706929939,0.73216656906911,0.9241711593784182
hotel_84,2023-07-10,0.9134948096885813,0.9515570934256056,0.9208596552490397,0.7473705410220118,0.8890347197263017
hotel_84,2023-07-11,0.9134948096885813,0.7231833910034602,0.9215961398050856,0.8021738746525953,0.8261458389069938
hotel_84,2023-07-12,0.9134948096885813,0.7197231833910035,0.9223326243611314,0.811584339595717,0.8187222335888085
hotel_84,2023-07-13,0.9134948096885813,0.8823529411764706,0.9230691089171772,0.8029457985275984,0.8873902084706674
hotel_84,2023-07-14,0.9134948096885813,0.9134948096885813,0.9238055934732231,0.9275979474105911,0.8736750335687249
hotel_84,2023-07-15,0.9134948096885813,0.903114186851211,0.9245420780292689,0.975873529075923,0.8900950060975039
hotel_84,2023-07-16,0.9134948096885813,0.8961937716262975,0.9252785625853147,0.73216656906911,0.9168472571710863
hotel_84,2023-07-17,0.9134948096885813,0.9515570934256056,0.9260150471413606,0.7473705410220118,0.880788961579133
hotel_84,2023-07-18,0.9134948096885813,0.7231833910034602,0.9267515316974064,0.8021738746525953,0.845245658629611
hotel_84,2023-07-19,0.9134948096885813,0.7197231833910035,0.9274880162534522,0.811584339595717,0.8393041407098594
hotel_84,2023-07-20,0.9134948096885813,0.8823529411764706,0.9282245008094981,0.8029457985275984,0.8865203702445756
hotel_84,2023-07-21,0.9134948096885813,0.9134948096885813,0.928960985365544,0.9275979474105911,0.8678967794541734
hotel_84,2023-07-22,0.9134948096885813,0.903114186851211,0.9296974699215897,0.975873529075923,0.8853723024490551
hotel_84,2023-07-23,0.9134948096885813,0.8961937716262975,0.9304339544776357,0.73216656906911,0.9046135714255439
hotel_84,2023-07-24,0.9134948096885813,0.9515570934256056,0.9311704390336815,0.7473705410220118,0.8801151454059335
hotel_84,2023-07-25,0.9134948096885813,0.7231833910034602,0.9319069235897273,0.8021738746525953,0.850739483493848
hotel_84,2023-07-26,0.9134948096885813,0.7197231833910035,0.9326434081457732,0.811584339595717,0.8452283266514914
hotel_84,2023-07-27,0.9134948096885813,0.8823529411764706,0.933379892701819,0.8029457985275984,0.8832178284345077
hotel_84,2023-07-28,0.9134948096885813,0.9134948096885813,0.9341163772578649,0.9275979474105911,0.8707297055964456
hotel_91,2023-07-01,0.8651685393258427,0.8539325842696629,0.8660962787341511,0.8848434998857737,0.8856421104181152
hotel_91,2023-07-02,0.8651685393258427,0.8202247191011236,0.8670240181424596,0.716157896353732,0.8643819716963409
hotel_91,2023-07-03,0.8651685393258427,0.9775280898876404,0.8679517575507679,0.8467928841431797,0.8798718580237072
hotel_91,2023-07-04,0.8651685393258427,1.0112359550561798,0.8688794969590764,0.940823658191342,0.9333614197395839
hotel_91,2023-07-05,0.8651685393258427,1.0224719101123596,0.8698072363673848,0.9417611490131182,0.9245935424980796
hotel_91,2023-07-06,0.8651685393258427,0.898876404494382,0.8707349757756933,0.8661615809468013,0.882843672591748
hotel_91,2023-07-07,0.8651685393258427,0.8651685393258427,0.8716627151840016,0.8870764224058708,0.8969242728798598
hotel_91,2023-07-08,0.8651685393258427,0.8539325842696629,0.8725904545923101,0.8848434998857737,0.8900266623867785
hotel_91,2023-07-09,0.8651685393258427,0.8202247191011236,0.8735181940006185,0.716157896353732,0.9025336313882796
hotel_91,2023-07-10,0.8651685393258427,0.9775280898876404,0.874445933408927,0.8467928841431797,0.9175940970319397
hotel_91,2023-07-11,0.8651685393258427,1.0112359550561798,0.8753736728172353,0.940823658191342,0.9252025680831711
hotel_91,2023-07-12,0.8651685393258427,1.0224719101123596,0.8763014122255438,0.9417611490131182,0.930703636597774
hotel_91,2023-07-13,0.8651685393258427,0.898876404494382,0.8772291516338522,0.8661615809468013,0.9049970828374825
hotel_91,2023-07-14,0.8651685393258427,0.8651685393258427,0.8781568910421607,0.8870764224058708,0.9003822531638384
hotel_91,2023-07-15,0.8651685393258427,0.8539325842696629,0.879084630450469,0.8848434998857737,0.903440637847621
hotel_91,2023-07-16,0.8651685393258427,0.8202247191011236,0.8800123698587774,0.716157896353732,0.9051610614768939
hotel_91,2023-07-17,0.8651685393258427,0.9775280898876404,0.8809401092670859,0.8467928841431797,0.9058281817967127
hotel_91,2023-07-18,0.8651685393258427,1.0112359550561798,0.8818678486753943,0.940823658191342,0.9060868678049391
hotel_91,2023-07-19,0.8651685393258427,1.0224719101123596,0.8827955880837027,0.9417611490131182,0.9061871772226919
hotel_91,2023-07-20,0.8651685393258427,0.898876404494382,0.8837233274920111,0.8661615809468013,0.9062260737187139
hotel_91,2023-07-21,0.8651685393258427,0.8651685393258427,0.8846510669003196,0.8870764224058708,0.9062411564241735
hotel_91,2023-07-22,0.8651685393258427,0.8539325842696629,0.885578806308628,0.8848434998857737,0.9062470049716583
hotel_91,2023-07-23,0.8651685393258427,0.8202247191011236,0.8865065457169364,0.716157896353732,0.9062492728345278
hotel_91,2023-07-24,0.8651685393258427,0.9775280898876404,0.8874342851252448,0.8467928841431797,0.9062501522327046
hotel_91,2023-07-25,0.8651685393258427,1.0112359550561798,0.8883620245335533,0.940823658191342,0.9062504932326669
hotel_91,2023-07-26,0.8651685393258427,1.0224719101123596,0.8892897639418617,0.9417611490131182,0.9062506254605671
hotel_91,2023-07-27,0.8651685393258427,0.898876404494382,0.8902175033501701,0.8661615809468013,0.9062506767339381
hotel_91,2023-07-28,0.8651685393258427,0.8651685393258427,0.8911452427584785,0.8870764224058708,0.9062506966159644
hotel_98,2023-07-01,0.5,0.3467741935483871,0.49979283811778635,0.5631058865105503,0.492868289707866
hotel_98,2023-07-02,0.5,0.13709677419354838,0.49958567623557265,0.37418701101467,0.35516486244877926
hotel_98,2023-07-03,0.5,0.10483870967741936,0.499378514353359,0.3561088274054334,0.34300751462131085
hotel_98,2023-07-04,0.5,0.0967741935483871,0.4991713524711453,0.3559331374666444,0.3448582331961556
hotel_98,2023-07-05,0.5,0.18548387096774194,0.49896419058893166,0.35127108765755194,0.3880710507851174
hotel_98,2023-07-06,0.5,0.4112903225806452,0.49875702870671795,0.3851218259604149,0.4853976244066757
hotel_98,2023-07-07,0.5,0.5,0.4985498668245043,0.500002305338062,0.6068513305030271
hotel_98,2023-07-08,0.5,0.3467741935483871,0.4983427049422906,0.5631058865105503,0.5748232141513435
hotel_98,2023-07-09,0.5,0.13709677419354838,0.49813554306007696,0.37418701101467,0.45935512991016997
hotel_98,2023-07-10,0.5,0.10483870967741936,0.49792838117786326,0.3561088274054334,0.44499318455460674
hotel_98,2023-07-11,0.5,0.0967741935483871,0.4977212192956496,0.3559331374666444,0.44324565150155026
hotel_98,2023-07-12,0.5,0.18548387096774194,0.4975140574134359,0.35127108765755194,0.48642690780101794
hotel_98,2023-07-13,0.5,0.4112903225806452,0.49730689553122226,0.3851218259604149,0.5915679085045467
hotel_98,2023-07-14,0.5,0.5,0.49709973364900856,0.500002305338062,0.6642364173773642
hotel_98,2023-07-15,0.5,0.3467741935483871,0.4968925717667949,0.5631058865105503,0.6500035154236306
hotel_98,2023-07-16,0.5,0.13709677419354838,0.49668540988458126,0.37418701101467,0.5647367606831515
hotel_98,2023-07-17,0.5,0.10483870967741936,0.49647824800236756,0.3561088274054334,0.5556381559913158
hotel_98,2023-07-18,0.5,0.0967741935483871,0.4962710861201539,0.3559331374666444,0.5555406568386525
hotel_98,2023-07-19,0.5,0.18548387096774194,0.4960639242379402,0.35127108765755194,0.5849161237817918
hotel_98,2023-07-20,0.5,0.4112903225806452,0.49585676235572657,0.3851218259604149,0.6540492366753806
hotel_98,2023-07-21,0.5,0.5,0.49564960047351286,0.500002305338062,0.7182591359432492
hotel_98,2023-07-22,0.5,0.3467741935483871,0.4954424385912992,0.5631058865105503,0.7031846768270062
hotel_98,2023-07-23,0.5,0.13709677419354838,0.4952352767090855,0.37418701101467,0.6360415200335808
hotel_98,2023-07-24,0.5,0.10483870967741936,0.49502811482687187,0.3561088274054334,0.628258154031508
hotel_98,2023-07-25,0.5,0.0967741935483871,0.49482095294465817,0.3559331374666444,0.627691585679319
hotel_98,2023-07-26,0.5,0.18548387096774194,0.4946137910624445,0.35127108765755194,0.6518543884816781
hotel_98,2023-07-27,0.5,0.4112903225806452,0.4944066291802308,0.3851218259604149,0.7097861333670117
hotel_98,2023-07-28,0.5,0.5,0.49419946729801717,0.500002305338062,0.7560173065426394
